date,total_orders,total_revenue,total_items_sold,avg_order_value,completed_orders
2023-01-01,6,2399.79,16,399.96,4
2023-01-02,8,6527.950000000001,42,815.99,7
2023-01-03,6,16573.97,32,2762.33,4
2023-01-04,10,15285.9,37,1528.59,8
2023-01-05,9,4111.4,27,456.82,6
2023-01-06,14,6621.48,50,472.96,14
2023-01-07,13,12526.81,52,963.6,8
2023-01-08,8,2623.6800000000003,29,327.96,6
2023-01-09,14,7860.38,52,561.46,12
2023-01-10,15,15987.01,62,1065.8,11
2023-01-11,11,9561.82,27,869.26,5
2023-01-12,10,6876.969999999999,38,687.7,7
2023-01-13,14,10918.28,50,779.88,13
2023-01-14,8,11365.61,35,1420.7,6
2023-01-15,9,4200.59,26,466.73,7
2023-01-16,14,9116.88,48,651.21,9
2023-01-17,17,8179.82,58,481.17,10
2023-01-18,4,3223.2899999999995,15,805.82,4
2023-01-19,6,2342.8599999999997,14,390.48,4
2023-01-20,14,8185.63,47,584.69,8
2023-01-21,10,5105.21,32,510.52,5
2023-01-22,14,10628.42,33,759.17,9
2023-01-23,7,4007.4700000000003,29,572.5,4
2023-01-24,8,7766.6,26,970.82,5
2023-01-25,7,6077.88,21,868.27,3
2023-01-26,10,13162.84,44,1316.28,5
2023-01-27,15,12777.630000000001,53,851.84,12
2023-01-28,8,3123.67,15,390.46,6
2023-01-29,11,11581.23,42,1052.84,9
2023-01-30,13,7617.65,48,585.97,6
2023-01-31,13,9637.69,48,741.36,11
2023-02-01,6,5961.27,21,993.54,6
2023-02-02,14,7376.09,46,526.86,11
2023-02-03,13,11650.59,47,896.2,8
2023-02-04,14,5013.7300000000005,37,358.12,11
2023-02-05,6,964.12,10,160.69,4
2023-02-06,11,6813.97,42,619.45,6
2023-02-07,13,9420.06,43,724.62,7
2023-02-08,12,11791.71,54,982.64,7
2023-02-09,9,5948.57,37,660.95,7
2023-02-10,17,20683.03,86,1216.65,11
2023-02-11,12,12169.41,56,1014.12,11
2023-02-12,15,10682.44,40,712.16,10
2023-02-13,8,4776.3,26,597.04,7
2023-02-14,12,9965.49,53,830.46,9
2023-02-15,16,12262.29,47,766.39,10
2023-02-16,15,9820.66,50,654.71,11
2023-02-17,7,3477.6600000000003,22,496.81,4
2023-02-18,7,9305.43,29,1329.35,3
2023-02-19,11,9881.64,40,898.33,9
2023-02-20,12,11790.8,40,982.57,5
2023-02-21,13,11845.550000000001,40,911.2,8
2023-02-22,10,11527.59,40,1152.76,7
2023-02-23,13,9897.69,53,761.36,8
2023-02-24,9,3384.83,22,376.09,5
2023-02-25,24,18542.04,89,772.58,18
2023-02-26,8,9497.98,38,1187.25,5
2023-02-27,18,7121.5,41,395.64,14
2023-02-28,11,6259.43,37,569.04,8
2023-03-01,10,9657.890000000001,31,965.79,8
2023-03-02,6,6887.67,18,1147.94,4
2023-03-03,10,14684.12,46,1468.41,7
2023-03-04,12,9040.83,35,753.4,8
2023-03-05,9,5871.7300000000005,33,652.41,7
2023-03-06,9,8393.3,30,932.59,6
2023-03-07,9,4280.46,33,475.61,5
2023-03-08,10,5269.09,32,526.91,6
2023-03-09,9,6305.54,27,700.62,5
2023-03-10,9,9558.57,31,1062.06,8
2023-03-11,12,5492.59,38,457.72,4
2023-03-12,15,13085.91,48,872.39,12
2023-03-13,9,7008.23,31,778.69,7
2023-03-14,10,6979.93,36,697.99,6
2023-03-15,9,4376.83,25,486.31,7
2023-03-16,11,6804.99,33,618.64,9
2023-03-17,15,15711.19,62,1047.41,12
2023-03-18,16,12041.35,65,752.58,8
2023-03-19,6,5403.1900000000005,20,900.53,5
2023-03-20,9,5352.5,31,594.72,7
2023-03-21,15,12857.49,43,857.17,12
2023-03-22,14,8126.42,49,580.46,10
2023-03-23,7,3016.15,21,430.88,6
2023-03-24,9,9811.93,31,1090.21,6
2023-03-25,8,4436.84,28,554.6,5
2023-03-26,9,7788.86,29,865.43,4
2023-03-27,10,4583.33,34,458.33,8
2023-03-28,18,18514.84,62,1028.6,13
2023-03-29,11,8424.65,33,765.88,7
2023-03-30,12,11918.87,57,993.24,10
2023-03-31,14,6374.1900000000005,29,455.3,10
2023-04-01,8,5277.2,24,659.65,6
2023-04-02,14,10750.85,47,767.92,9
2023-04-03,15,15952.119999999999,46,1063.47,13
2023-04-04,11,5425.66,29,493.24,10
2023-04-05,9,3820.34,26,424.48,8
2023-04-06,14,7792.9800000000005,44,556.64,7
2023-04-07,6,1579.02,12,263.17,5
2023-04-08,14,10771.5,39,769.39,8
2023-04-09,10,3963.7400000000002,27,396.37,8
2023-04-10,15,15101.42,69,1006.76,7
2023-04-11,12,10694.91,42,891.24,7
2023-04-12,7,4980.51,30,711.5,4
2023-04-13,18,10216.38,55,567.58,14
2023-04-14,9,10763.86,30,1195.98,7
2023-04-15,14,8266.08,50,590.43,7
2023-04-16,14,7349.22,46,524.94,10
2023-04-17,14,9522.67,49,680.19,12
2023-04-18,8,4851.59,18,606.45,6
2023-04-19,15,7036.67,48,469.11,10
2023-04-20,18,11351.8,79,630.66,13
2023-04-21,14,9143.03,40,653.07,11
2023-04-22,14,19753.37,61,1410.96,8
2023-04-23,10,9023.300000000001,34,902.33,8
2023-04-24,9,9015.02,32,1001.67,6
2023-04-25,3,1307.69,11,435.9,3
2023-04-26,13,5877.61,42,452.12,7
2023-04-27,15,15384.09,53,1025.61,11
2023-04-28,14,10403.789999999999,47,743.13,11
2023-04-29,16,13791.86,71,861.99,14
2023-04-30,8,2875.12,29,359.39,4
2023-05-01,12,6703.150000000001,37,558.6,10
2023-05-02,10,6378.98,28,637.9,5
2023-05-03,9,4857.9800000000005,41,539.78,5
2023-05-04,16,16749.05,64,1046.82,10
2023-05-05,13,9495.960000000001,41,730.46,8
2023-05-06,13,11511.86,41,885.53,9
2023-05-07,12,8367.84,44,697.32,10
2023-05-08,13,9850.06,39,757.7,11
2023-05-09,6,2961.91,21,493.65,5
2023-05-10,12,9573.24,35,797.77,9
2023-05-11,14,10078.550000000001,39,719.9,8
2023-05-12,7,5043.33,31,720.48,3
2023-05-13,9,6416.86,28,712.98,7
2023-05-14,18,22282.84,73,1237.94,12
2023-05-15,11,9584.45,39,871.31,10
2023-05-16,15,10724.16,44,714.94,12
2023-05-17,8,6609.56,25,826.2,5
2023-05-18,11,7403.67,39,673.06,8
2023-05-19,9,10196.55,43,1132.95,4
2023-05-20,9,7207.54,26,800.84,7
2023-05-21,12,7536.0,38,628.0,8
2023-05-22,13,8744.59,53,672.66,10
2023-05-23,12,11788.67,24,982.39,5
2023-05-24,13,9798.49,44,753.73,8
2023-05-25,6,3408.98,24,568.16,4
2023-05-26,13,12850.37,51,988.49,10
2023-05-27,14,7896.07,42,564.0,11
2023-05-28,8,16087.94,28,2010.99,7
2023-05-29,10,5925.63,30,592.56,9
2023-05-30,11,5835.8,31,530.53,9
2023-05-31,6,8767.68,26,1461.28,5
2023-06-01,14,11520.33,52,822.88,10
2023-06-02,15,7570.469999999999,60,504.7,11
2023-06-03,11,5382.74,35,489.34,9
2023-06-04,9,7577.35,25,841.93,7
2023-06-05,6,2531.31,17,421.88,3
2023-06-06,15,5222.37,42,348.16,10
2023-06-07,14,8472.64,52,605.19,8
2023-06-08,11,9395.21,35,854.11,6
2023-06-09,10,10976.929999999998,39,1097.69,6
2023-06-10,7,3126.66,15,446.67,4
2023-06-11,18,11095.9,56,616.44,8
2023-06-12,8,2952.38,28,369.05,6
2023-06-13,11,14397.81,38,1308.89,6
2023-06-14,14,10781.48,52,770.11,14
2023-06-15,8,4507.54,23,563.44,1
2023-06-16,14,7507.05,53,536.22,11
2023-06-17,6,2935.61,23,489.27,3
2023-06-18,10,4932.820000000001,15,493.28,8
2023-06-19,6,4119.71,32,686.62,5
2023-06-20,11,8729.42,42,793.58,8
2023-06-21,13,16814.98,41,1293.46,11
2023-06-22,10,6502.1,37,650.21,7
2023-06-23,9,8923.51,37,991.5,5
2023-06-24,15,8169.84,41,544.66,10
2023-06-25,11,6493.6900000000005,38,590.34,8
2023-06-26,6,3584.53,24,597.42,5
2023-06-27,13,7065.37,43,543.49,9
2023-06-28,11,14439.150000000001,42,1312.65,8
2023-06-29,18,9371.77,53,520.65,15
2023-06-30,12,5927.18,35,493.93,9
2023-07-01,9,5948.46,36,660.94,6
2023-07-02,12,7635.13,37,636.26,9
2023-07-03,14,10282.529999999999,38,734.47,10
2023-07-04,18,14799.23,71,822.18,15
2023-07-05,10,11385.8,56,1138.58,7
2023-07-06,10,6862.36,51,686.24,6
2023-07-07,6,4604.120000000001,20,767.35,3
2023-07-08,11,4653.76,36,423.07,9
2023-07-09,8,1620.23,16,202.53,4
2023-07-10,10,6388.91,26,638.89,5
2023-07-11,11,6726.08,35,611.46,7
2023-07-12,13,7173.420000000001,26,551.8,8
2023-07-13,9,1921.47,21,213.5,8
2023-07-14,13,12418.52,43,955.27,10
2023-07-15,6,6318.79,23,1053.13,4
2023-07-16,14,4929.29,43,352.09,7
2023-07-17,6,1530.1799999999998,15,255.03,6
2023-07-18,12,9999.51,32,833.29,10
2023-07-19,9,3012.9,20,334.77,6
2023-07-20,10,7427.66,31,742.77,6
2023-07-21,5,4198.75,21,839.75,2
2023-07-22,12,5968.53,34,497.38,10
2023-07-23,12,13929.9,58,1160.82,7
2023-07-24,20,12592.67,63,629.63,14
2023-07-25,12,12074.31,50,1006.19,7
2023-07-26,8,4410.47,19,551.31,5
2023-07-27,9,4227.25,30,469.69,7
2023-07-28,5,3195.0200000000004,10,639.0,4
2023-07-29,7,2420.23,17,345.75,5
2023-07-30,17,8813.14,57,518.42,14
2023-07-31,11,9591.4,36,871.95,9
2023-08-01,12,14290.16,52,1190.85,9
2023-08-02,5,1346.6599999999999,14,269.33,4
2023-08-03,10,4271.0,29,427.1,6
2023-08-04,11,8731.44,42,793.77,9
2023-08-05,10,6061.5,30,606.15,7
2023-08-06,10,4268.57,29,426.86,8
2023-08-07,11,3383.64,26,307.6,8
2023-08-08,10,4817.45,34,481.74,9
2023-08-09,13,9876.35,52,759.72,10
2023-08-10,8,5551.91,36,693.99,6
2023-08-11,8,5121.389999999999,27,640.17,6
2023-08-12,11,13564.59,50,1233.14,9
2023-08-13,15,16530.09,59,1102.01,10
2023-08-14,13,8221.1,36,632.39,10
2023-08-15,13,9485.45,44,729.65,9
2023-08-16,14,8986.16,56,641.87,11
2023-08-17,8,5189.41,28,648.68,3
2023-08-18,16,11213.54,50,700.85,14
2023-08-19,12,7258.28,43,604.86,9
2023-08-20,9,6399.01,22,711.0,7
2023-08-21,5,5688.43,25,1137.69,1
2023-08-22,11,8401.630000000001,53,763.78,9
2023-08-23,7,4097.49,19,585.36,5
2023-08-24,7,6250.59,40,892.94,5
2023-08-25,10,5506.34,25,550.63,8
2023-08-26,13,4653.44,26,357.96,10
2023-08-27,11,12812.86,47,1164.81,8
2023-08-28,11,8566.01,43,778.73,7
2023-08-29,11,5006.47,42,455.13,8
2023-08-30,12,16674.03,47,1389.5,10
2023-08-31,10,4616.42,34,461.64,7
2023-09-01,9,5244.56,28,582.73,5
2023-09-02,11,7368.06,29,669.82,4
2023-09-03,3,2387.85,9,795.95,3
2023-09-04,10,2660.5099999999998,17,266.05,6
2023-09-05,6,8371.45,27,1395.24,5
2023-09-06,12,7175.37,43,597.95,8
2023-09-07,8,2164.62,17,270.58,6
2023-09-08,10,5802.87,27,580.29,6
2023-09-09,11,10820.57,35,983.69,7
2023-09-10,9,9342.68,42,1038.08,5
2023-09-11,16,10763.01,72,672.69,13
2023-09-12,13,4379.7,38,336.9,7
2023-09-13,13,6096.49,38,468.96,11
2023-09-14,17,13608.18,73,800.48,13
2023-09-15,8,4414.81,27,551.85,5
2023-09-16,11,6520.3099999999995,37,592.76,8
2023-09-17,9,6066.5,34,674.06,7
2023-09-18,5,5164.17,21,1032.83,4
2023-09-19,9,4201.76,27,466.86,7
2023-09-20,9,10919.87,41,1213.32,7
2023-09-21,8,3495.95,19,436.99,6
2023-09-22,11,6471.52,37,588.32,10
2023-09-23,13,13669.08,54,1051.47,11
2023-09-24,6,1436.08,13,239.35,4
2023-09-25,11,9395.69,47,854.15,7
2023-09-26,8,6690.860000000001,27,836.36,6
2023-09-27,13,15721.51,74,1209.35,9
2023-09-28,11,8313.33,44,755.76,6
2023-09-29,17,8632.19,56,507.78,12
2023-09-30,4,2303.64,11,575.91,2
2023-10-01,13,11539.46,44,887.65,9
2023-10-02,10,6540.58,35,654.06,9
2023-10-03,15,10438.5,50,695.9,9
2023-10-04,6,3677.34,21,612.89,3
2023-10-05,9,5978.01,26,664.22,5
2023-10-06,9,7613.32,30,845.92,7
2023-10-07,13,6891.9800000000005,44,530.15,8
2023-10-08,10,8484.289999999999,40,848.43,7
2023-10-09,6,4138.02,17,689.67,6
2023-10-10,11,9500.53,34,863.68,6
2023-10-11,9,2803.88,10,311.54,7
2023-10-12,13,7446.87,58,572.84,11
2023-10-13,14,11006.5,46,786.18,11
2023-10-14,8,5787.42,32,723.43,6
2023-10-15,12,11815.47,39,984.62,9
2023-10-16,14,10760.59,48,768.61,11
2023-10-17,13,8483.5,39,652.58,8
2023-10-18,11,4986.11,27,453.28,11
2023-10-19,12,10254.19,35,854.52,9
2023-10-20,12,7462.2,35,621.85,10
2023-10-21,11,5327.78,24,484.34,8
2023-10-22,16,6957.09,54,434.82,11
2023-10-23,14,12868.4,53,919.17,6
2023-10-24,15,10087.8,48,672.52,11
2023-10-25,14,12844.68,48,917.48,10
2023-10-26,15,12799.17,45,853.28,11
2023-10-27,7,3135.21,25,447.89,4
2023-10-28,10,6162.71,39,616.27,5
2023-10-29,14,9469.88,42,676.42,13
2023-10-30,20,19141.26,85,957.06,17
2023-10-31,6,4368.25,19,728.04,6
2023-11-01,8,2686.9700000000003,18,335.87,5
2023-11-02,11,8185.5,49,744.14,9
2023-11-03,11,5940.88,31,540.08,6
2023-11-04,14,12715.5,57,908.25,9
2023-11-05,10,12687.050000000001,38,1268.71,6
2023-11-06,14,16821.55,46,1201.54,12
2023-11-07,12,11267.62,43,938.97,8
2023-11-08,10,12130.869999999999,37,1213.09,5
2023-11-09,14,11028.16,46,787.73,11
2023-11-10,4,1299.12,14,324.78,3
2023-11-11,10,4329.0599999999995,37,432.91,7
2023-11-12,9,4889.96,36,543.33,6
2023-11-13,12,13301.58,51,1108.46,9
2023-11-14,11,4427.63,30,402.51,8
2023-11-15,6,9467.44,24,1577.91,4
2023-11-16,13,9303.91,55,715.69,11
2023-11-17,18,18916.25,71,1050.9,12
2023-11-18,13,11944.19,46,918.78,10
2023-11-19,11,9762.12,52,887.47,9
2023-11-20,13,7220.45,55,555.42,8
2023-11-21,13,3606.3100000000004,29,277.41,11
2023-11-22,13,12516.7,51,962.82,9
2023-11-23,11,6958.7,38,632.61,8
2023-11-24,11,7539.95,28,685.45,9
2023-11-25,13,9955.26,50,765.79,6
2023-11-26,10,7190.160000000001,34,719.02,6
2023-11-27,10,6180.47,30,618.05,6
2023-11-28,11,6540.13,38,594.56,9
2023-11-29,10,8137.7,28,813.77,7
2023-11-30,12,5934.52,35,494.54,9
2023-12-01,12,5857.86,30,488.16,9
2023-12-02,12,8627.04,41,718.92,8
2023-12-03,12,4005.26,26,333.77,8
2023-12-04,12,8826.04,39,735.5,10
2023-12-05,11,9211.29,36,837.39,8
2023-12-06,18,14261.38,54,792.3,10
2023-12-07,5,2969.49,18,593.9,5
2023-12-08,10,11079.5,43,1107.95,8
2023-12-09,6,5711.36,27,951.89,6
2023-12-10,17,9827.15,48,578.07,12
2023-12-11,9,4624.44,29,513.83,8
2023-12-12,11,4764.09,25,433.1,8
2023-12-13,10,9031.74,37,903.17,6
2023-12-14,8,6966.15,29,870.77,3
2023-12-15,12,6785.42,42,565.45,8
2023-12-16,8,4270.22,17,533.78,5
2023-12-17,7,2280.63,23,325.8,4
2023-12-18,12,4042.58,23,336.88,10
2023-12-19,10,5368.05,25,536.81,8
2023-12-20,8,9376.35,27,1172.04,7
2023-12-21,6,8109.95,28,1351.66,4
2023-12-22,8,6316.24,41,789.53,6
2023-12-23,11,10327.17,38,938.83,8
2023-12-24,9,6484.69,40,720.52,8
2023-12-25,11,5044.48,31,458.59,6
2023-12-26,8,6291.900000000001,29,786.49,6
2023-12-27,15,11796.65,58,786.44,12
2023-12-28,14,7293.68,54,520.98,11
2023-12-29,11,8604.07,31,782.19,8
2023-12-30,8,10415.130000000001,32,1301.89,6
2023-12-31,6,2277.65,24,379.61,4
2024-01-01,9,10089.05,27,1121.01,6
2024-01-02,10,5762.62,39,576.26,6
2024-01-03,11,10627.46,34,966.13,8
2024-01-04,10,6110.65,37,611.06,8
2024-01-05,12,7146.92,39,595.58,10
2024-01-06,15,11867.74,60,791.18,11
2024-01-07,8,5477.74,28,684.72,5
2024-01-08,8,4519.01,26,564.88,5
2024-01-09,7,6140.49,22,877.21,5
2024-01-10,8,2752.29,18,344.04,7
2024-01-11,9,8338.55,47,926.51,7
2024-01-12,11,6161.36,30,560.12,9
2024-01-13,14,7268.1,46,519.15,10
2024-01-14,11,6003.6900000000005,36,545.79,6
2024-01-15,11,4883.41,33,443.95,4
2024-01-16,12,13967.83,50,1163.99,6
2024-01-17,7,2981.15,24,425.88,6
2024-01-18,18,15232.69,50,846.26,15
2024-01-19,16,9976.81,40,623.55,11
2024-01-20,12,6593.7699999999995,27,549.48,8
2024-01-21,13,8855.67,53,681.21,10
2024-01-22,14,14016.16,50,1001.15,9
2024-01-23,9,8390.98,32,932.33,8
2024-01-24,15,14954.880000000001,63,996.99,9
2024-01-25,11,5753.900000000001,41,523.08,8
2024-01-26,18,7622.23,40,423.46,16
2024-01-27,9,3708.93,27,412.1,5
2024-01-28,12,7628.13,36,635.68,9
2024-01-29,17,11461.06,66,674.18,14
2024-01-30,9,7463.9400000000005,37,829.33,6
2024-01-31,5,3306.76,23,661.35,2
2024-02-01,8,6404.0199999999995,35,800.5,8
2024-02-02,13,15331.42,56,1179.34,10
2024-02-03,7,13653.86,32,1950.55,7
2024-02-04,9,7445.67,34,827.3,8
2024-02-05,11,7982.56,40,725.69,6
2024-02-06,5,4525.45,16,905.09,2
2024-02-07,15,12050.31,52,803.35,11
2024-02-08,12,10243.18,52,853.6,9
2024-02-09,14,14868.69,42,1062.05,11
2024-02-10,9,7387.969999999999,25,820.89,7
2024-02-11,18,19204.68,68,1066.93,13
2024-02-12,11,10751.22,48,977.38,9
2024-02-13,8,5264.0,31,658.0,8
2024-02-14,10,18358.36,36,1835.84,9
2024-02-15,13,16472.82,46,1267.14,10
2024-02-16,6,5296.44,26,882.74,4
2024-02-17,6,4069.06,18,678.18,3
2024-02-18,12,11091.03,59,924.25,8
2024-02-19,6,6042.599999999999,23,1007.1,4
2024-02-20,10,4583.139999999999,30,458.31,8
2024-02-21,15,11091.15,54,739.41,12
2024-02-22,8,5571.07,28,696.38,4
2024-02-23,9,7434.349999999999,26,826.04,9
2024-02-24,9,9673.0,31,1074.78,6
2024-02-25,10,6847.51,42,684.75,8
2024-02-26,13,8735.84,43,671.99,10
2024-02-27,10,7782.57,38,778.26,5
2024-02-28,16,12846.67,70,802.92,13
2024-02-29,11,3796.7,25,345.15,8
2024-03-01,12,6789.03,33,565.75,8
2024-03-02,16,4170.88,40,260.68,12
2024-03-03,5,1695.2,12,339.04,1
2024-03-04,13,12109.460000000001,50,931.5,11
2024-03-05,13,11983.4,33,921.8,12
2024-03-06,8,4544.13,28,568.02,4
2024-03-07,8,8280.24,30,1035.03,5
2024-03-08,9,3495.67,19,388.41,6
2024-03-09,19,15113.79,77,795.46,15
2024-03-10,12,10319.85,38,859.99,9
2024-03-11,12,7819.72,44,651.64,10
2024-03-12,10,7851.16,47,785.12,5
2024-03-13,9,8531.63,42,947.96,6
2024-03-14,13,7904.07,40,608.01,7
2024-03-15,14,11208.35,56,800.6,10
2024-03-16,13,7934.3,61,610.33,12
2024-03-17,9,6175.04,34,686.12,6
2024-03-18,7,6398.07,21,914.01,7
2024-03-19,8,6646.93,35,830.87,5
2024-03-20,11,4727.25,30,429.75,8
2024-03-21,7,1166.84,12,166.69,6
2024-03-22,13,13999.86,60,1076.91,10
2024-03-23,9,5860.2,33,651.13,7
2024-03-24,16,17330.37,58,1083.15,11
2024-03-25,12,6238.16,49,519.85,8
2024-03-26,12,11452.0,47,954.33,9
2024-03-27,10,6025.42,31,602.54,7
2024-03-28,17,11830.66,59,695.92,14
2024-03-29,10,13647.98,49,1364.8,6
2024-03-30,15,9766.51,64,651.1,11
2024-03-31,9,6977.68,31,775.3,8
2024-04-01,19,15806.98,53,831.95,14
2024-04-02,12,9496.57,55,791.38,8
2024-04-03,2,573.73,7,286.86,0
2024-04-04,14,11106.6,43,793.33,9
2024-04-05,12,7188.05,33,599.0,10
2024-04-06,12,7350.14,42,612.51,8
2024-04-07,9,7227.28,24,803.03,8
2024-04-08,12,7565.79,35,630.48,7
2024-04-09,14,6796.51,42,485.46,9
2024-04-10,14,8013.95,57,572.42,9
2024-04-11,9,7195.9,40,799.54,5
2024-04-12,12,14734.33,62,1227.86,9
2024-04-13,13,11888.67,55,914.51,6
2024-04-14,10,4015.04,30,401.5,4
2024-04-15,7,8403.12,32,1200.45,5
2024-04-16,10,9278.32,35,927.83,6
2024-04-17,11,11478.01,47,1043.46,8
2024-04-18,10,8658.76,30,865.88,8
2024-04-19,7,1726.07,13,246.58,6
2024-04-20,13,8910.73,38,685.44,8
2024-04-21,9,5661.46,40,629.05,5
2024-04-22,6,9631.21,23,1605.2,6
2024-04-23,6,2807.34,22,467.89,3
2024-04-24,10,8866.58,53,886.66,10
2024-04-25,8,11684.46,36,1460.56,7
2024-04-26,16,10238.34,60,639.9,13
2024-04-27,13,7238.08,44,556.78,7
2024-04-28,12,9971.88,39,830.99,9
2024-04-29,18,17897.46,77,994.3,12
2024-04-30,17,15979.050000000001,60,939.94,12
2024-05-01,9,5978.1900000000005,30,664.24,6
2024-05-02,15,13155.0,48,877.0,10
2024-05-03,11,7299.41,35,663.58,8
2024-05-04,10,8525.41,31,852.54,7
2024-05-05,8,2971.09,23,371.39,5
2024-05-06,9,2274.45,20,252.72,7
2024-05-07,4,2440.65,10,610.16,3
2024-05-08,16,9588.76,56,599.3,12
2024-05-09,13,8185.9400000000005,36,629.69,7
2024-05-10,9,9838.33,31,1093.15,5
2024-05-11,11,11664.76,39,1060.43,6
2024-05-12,9,8035.15,33,892.79,5
2024-05-13,12,8340.51,32,695.04,8
2024-05-14,12,8054.13,52,671.18,8
2024-05-15,15,11620.970000000001,53,774.73,13
2024-05-16,11,3526.36,34,320.58,10
2024-05-17,14,9610.29,45,686.45,11
2024-05-18,14,15474.05,59,1105.29,9
2024-05-19,13,14062.529999999999,48,1081.73,9
2024-05-20,13,9763.69,55,751.05,6
2024-05-21,12,9178.83,47,764.9,11
2024-05-22,14,9493.73,44,678.12,11
2024-05-23,9,5201.43,32,577.94,6
2024-05-24,10,8647.25,41,864.72,9
2024-05-25,13,9326.289999999999,44,717.41,10
2024-05-26,14,12371.48,40,883.68,10
2024-05-27,11,8782.02,43,798.37,8
2024-05-28,12,13665.519999999999,44,1138.79,8
2024-05-29,11,7564.719999999999,33,687.7,6
2024-05-30,15,15959.48,67,1063.97,11
2024-05-31,14,13718.39,46,979.88,14
2024-06-01,10,6321.78,34,632.18,8
2024-06-02,6,3286.58,17,547.76,4
2024-06-03,14,6987.5599999999995,46,499.11,12
2024-06-04,13,11127.99,44,856.0,8
2024-06-05,8,4401.57,34,550.2,4
2024-06-06,8,6136.46,28,767.06,5
2024-06-07,12,12968.64,45,1080.72,9
2024-06-08,5,2074.51,12,414.9,5
2024-06-09,9,3722.97,20,413.66,7
2024-06-10,7,3046.9900000000002,20,435.28,5
2024-06-11,12,16482.52,44,1373.54,9
2024-06-12,12,4589.03,38,382.42,8
2024-06-13,9,9508.02,36,1056.45,6
2024-06-14,9,12638.73,44,1404.3,8
2024-06-15,14,9537.029999999999,40,681.22,8
2024-06-16,12,8449.380000000001,40,704.12,10
2024-06-17,10,4068.61,28,406.86,5
2024-06-18,7,4064.9399999999996,15,580.71,4
2024-06-19,16,6422.26,42,401.39,11
2024-06-20,8,7839.419999999999,26,979.93,2
2024-06-21,9,8870.23,46,985.58,9
2024-06-22,10,9031.97,43,903.2,8
2024-06-23,14,18513.9,87,1322.42,8
2024-06-24,13,7116.74,36,547.44,12
2024-06-25,7,9183.63,38,1311.95,6
2024-06-26,8,4646.28,31,580.78,6
2024-06-27,12,10588.59,52,882.38,8
2024-06-28,10,7384.76,35,738.48,6
2024-06-29,14,7942.9,49,567.35,8
2024-06-30,16,15203.53,71,950.22,14
2024-07-01,10,5439.44,29,543.94,8
2024-07-02,10,7458.06,39,745.81,6
2024-07-03,14,11422.69,39,815.91,9
2024-07-04,12,12201.24,45,1016.77,7
2024-07-05,9,5051.58,34,561.29,6
2024-07-06,14,11652.61,54,832.33,12
2024-07-07,11,7994.0199999999995,30,726.73,7
2024-07-08,16,7983.25,51,498.95,14
2024-07-09,12,4987.29,37,415.61,5
2024-07-10,10,9676.35,49,967.64,7
2024-07-11,6,6417.32,16,1069.55,6
2024-07-12,8,4858.66,29,607.33,5
2024-07-13,8,4622.31,33,577.79,5
2024-07-14,5,3726.5299999999997,13,745.31,4
2024-07-15,8,4729.14,16,591.14,8
2024-07-16,11,9939.49,63,903.59,10
2024-07-17,7,4827.21,24,689.6,5
2024-07-18,10,8956.98,35,895.7,9
2024-07-19,13,4437.54,28,341.35,9
2024-07-20,17,12769.95,75,751.17,15
2024-07-21,10,10177.4,41,1017.74,6
2024-07-22,9,6514.32,28,723.81,7
2024-07-23,12,8678.12,43,723.18,10
2024-07-24,9,3278.65,27,364.29,6
2024-07-25,8,6048.63,34,756.08,6
2024-07-26,12,10845.08,37,903.76,8
2024-07-27,4,3000.77,18,750.19,3
2024-07-28,11,12386.93,49,1126.08,9
2024-07-29,14,12487.17,45,891.94,9
2024-07-30,8,5898.38,31,737.3,5
2024-07-31,11,6501.83,28,591.08,10
2024-08-01,9,6312.78,38,701.42,7
2024-08-02,13,10122.36,50,778.64,9
2024-08-03,18,15694.86,63,871.94,13
2024-08-04,8,5088.51,32,636.06,5
2024-08-05,7,4538.07,23,648.3,7
2024-08-06,11,8731.82,32,793.8,6
2024-08-07,12,16512.46,48,1376.04,9
2024-08-08,15,8517.02,52,567.8,11
2024-08-09,12,10340.84,33,861.74,9
2024-08-10,12,12022.880000000001,45,1001.91,7
2024-08-11,11,6134.5,28,557.68,9
2024-08-12,19,12209.49,71,642.6,11
2024-08-13,9,3089.92,19,343.32,5
2024-08-14,14,8854.18,46,632.44,11
2024-08-15,10,17548.760000000002,50,1754.88,6
2024-08-16,10,7842.04,29,784.2,7
2024-08-17,9,8044.7699999999995,35,893.86,6
2024-08-18,5,1657.79,13,331.56,4
2024-08-19,8,10032.02,49,1254.0,5
2024-08-20,10,8224.17,27,822.42,9
2024-08-21,6,3922.12,19,653.69,4
2024-08-22,7,3383.66,24,483.38,6
2024-08-23,11,6745.52,47,613.23,8
2024-08-24,14,12924.18,52,923.16,6
2024-08-25,12,3871.63,31,322.64,9
2024-08-26,5,2102.86,15,420.57,4
2024-08-27,8,8515.77,29,1064.47,5
2024-08-28,12,8083.2,47,673.6,8
2024-08-29,12,6071.04,32,505.92,11
2024-08-30,7,8289.19,27,1184.17,6
2024-08-31,14,9016.37,30,644.03,7
2024-09-01,9,2580.25,21,286.69,8
2024-09-02,13,13509.29,42,1039.18,6
2024-09-03,12,4736.45,42,394.7,8
2024-09-04,9,6528.54,29,725.39,8
2024-09-05,9,5600.12,29,622.24,6
2024-09-06,15,7237.8099999999995,43,482.52,9
2024-09-07,5,3426.4500000000003,17,685.29,5
2024-09-08,16,13449.01,61,840.56,8
2024-09-09,9,15724.560000000001,53,1747.17,5
2024-09-10,9,5964.13,22,662.68,8
2024-09-11,12,19840.89,56,1653.41,6
2024-09-12,15,9555.5,50,637.03,14
2024-09-13,15,19169.2,67,1277.95,10
2024-09-14,5,4405.23,21,881.05,3
2024-09-15,8,2527.22,24,315.9,5
2024-09-16,11,3779.74,27,343.61,10
2024-09-17,14,11220.49,48,801.46,10
2024-09-18,10,7282.740000000001,25,728.27,8
2024-09-19,12,12937.640000000001,47,1078.14,10
2024-09-20,13,13173.03,38,1013.31,10
2024-09-21,10,4742.09,24,474.21,3
2024-09-22,15,11078.25,66,738.55,8
2024-09-23,12,6259.889999999999,36,521.66,6
2024-09-24,11,5506.15,55,500.56,6
2024-09-25,12,12163.51,42,1013.63,9
2024-09-26,9,3297.37,24,366.37,7
2024-09-27,12,4058.19,34,338.18,10
2024-09-28,6,1153.43,19,192.24,3
2024-09-29,5,3778.78,26,755.76,3
2024-09-30,11,6511.45,28,591.95,5
2024-10-01,9,10513.43,37,1168.16,5
2024-10-02,10,4026.6600000000003,25,402.67,6
2024-10-03,14,10841.53,46,774.4,4
2024-10-04,16,8621.41,39,538.84,10
2024-10-05,7,2782.46,32,397.49,6
2024-10-06,11,11805.470000000001,50,1073.22,7
2024-10-07,14,9544.31,47,681.74,13
2024-10-08,8,5042.23,20,630.28,5
2024-10-09,10,6635.62,27,663.56,8
2024-10-10,11,4527.24,28,411.57,6
2024-10-11,5,6784.0599999999995,15,1356.81,3
2024-10-12,11,7694.29,37,699.48,10
2024-10-13,11,9881.66,37,898.33,8
2024-10-14,11,8570.42,40,779.13,8
2024-10-15,15,16564.67,75,1104.31,12
2024-10-16,10,6727.0599999999995,36,672.71,9
2024-10-17,10,22651.8,68,2265.18,8
2024-10-18,15,8383.15,39,558.88,11
2024-10-19,7,4291.66,28,613.09,5
2024-10-20,12,9581.3,45,798.44,7
2024-10-21,10,6470.86,41,647.09,7
2024-10-22,16,7154.17,44,447.14,7
2024-10-23,11,4617.05,31,419.73,9
2024-10-24,12,9935.22,43,827.94,9
2024-10-25,14,9151.76,65,653.7,10
2024-10-26,11,22347.02,63,2031.55,9
2024-10-27,14,12661.51,42,904.39,10
2024-10-28,7,2572.0,23,367.43,3
2024-10-29,11,14217.2,40,1292.47,10
2024-10-30,8,7889.620000000001,23,986.2,6
2024-10-31,16,14383.2,64,898.95,8
2024-11-01,12,4861.65,34,405.14,8
2024-11-02,14,11164.83,32,797.49,9
2024-11-03,11,11735.9,47,1066.9,7
2024-11-04,15,4860.1,43,324.01,10
2024-11-05,17,15497.720000000001,84,911.63,14
2024-11-06,20,24238.39,98,1211.92,15
2024-11-07,19,18304.17,54,963.38,13
2024-11-08,11,6563.94,35,596.72,8
2024-11-09,10,4721.08,27,472.11,7
2024-11-10,11,9526.33,41,866.03,9
2024-11-11,8,5256.52,20,657.06,7
2024-11-12,12,10838.05,43,903.17,8
2024-11-13,9,2510.14,26,278.9,4
2024-11-14,7,6643.14,35,949.02,5
2024-11-15,8,9647.140000000001,48,1205.89,4
2024-11-16,10,5963.34,25,596.33,8
2024-11-17,13,9245.44,42,711.19,11
2024-11-18,12,11934.13,62,994.51,7
2024-11-19,13,5057.2300000000005,51,389.02,8
2024-11-20,13,6918.58,43,532.2,10
2024-11-21,12,5602.11,35,466.84,8
2024-11-22,13,14952.82,55,1150.22,8
2024-11-23,8,2093.98,12,261.75,5
2024-11-24,4,5795.41,18,1448.85,3
2024-11-25,18,17368.93,74,964.94,15
2024-11-26,9,4434.889999999999,31,492.77,7
2024-11-27,12,9990.83,37,832.57,11
2024-11-28,17,14579.08,57,857.59,10
2024-11-29,9,7020.64,35,780.07,7
2024-11-30,10,6172.99,23,617.3,9
2024-12-01,12,13198.33,50,1099.86,7
2024-12-02,17,17199.77,70,1011.75,12
2024-12-03,13,6614.98,42,508.84,9
2024-12-04,11,14993.81,38,1363.07,6
2024-12-05,14,12971.64,59,926.55,12
2024-12-06,9,9822.94,37,1091.44,7
2024-12-07,10,7269.17,37,726.92,6
2024-12-08,10,6320.78,40,632.08,8
2024-12-09,13,12616.869999999999,51,970.53,6
2024-12-10,12,9080.73,42,756.73,7
2024-12-11,14,6840.63,59,488.62,11
2024-12-12,12,4218.09,36,351.51,8
2024-12-13,16,11496.03,57,718.5,12
2024-12-14,15,16497.16,56,1099.81,10
2024-12-15,12,11046.06,43,920.5,7
2024-12-16,9,11064.67,49,1229.41,8
2024-12-17,8,5705.82,43,713.23,7
2024-12-18,12,6538.4400000000005,29,544.87,6
2024-12-19,13,10949.9,56,842.3,6
2024-12-20,8,2525.16,18,315.64,5
2024-12-21,7,6191.02,33,884.43,5
2024-12-22,15,11172.36,64,744.82,10
2024-12-23,11,8122.87,44,738.44,9
2024-12-24,7,2987.9300000000003,25,426.85,6
2024-12-25,13,10172.4,28,782.49,9
2024-12-26,8,6008.38,37,751.05,7
2024-12-27,16,11767.25,61,735.45,8
2024-12-28,9,2719.29,26,302.14,8
2024-12-29,16,7241.25,40,452.58,10
2024-12-30,13,6444.73,33,495.75,6
2024-12-31,13,9789.22,56,753.02,11
2025-01-01,10,5214.46,33,521.45,6
2025-01-02,11,6723.24,32,611.2,10
2025-01-03,8,7683.8099999999995,30,960.48,5
2025-01-04,8,8487.95,23,1060.99,6
2025-01-05,8,4625.54,29,578.19,7
2025-01-06,14,11010.68,73,786.48,13
2025-01-07,8,5696.27,22,712.03,6
2025-01-08,13,14481.67,59,1113.97,8
2025-01-09,16,17167.219999999998,59,1072.95,12
2025-01-10,9,6536.82,28,726.31,8
2025-01-11,12,10637.99,43,886.5,9
2025-01-12,9,4861.4800000000005,32,540.16,8
2025-01-13,9,7021.78,31,780.2,8
2025-01-14,14,18234.62,57,1302.47,11
2025-01-15,13,13241.230000000001,48,1018.56,11
2025-01-16,12,7917.7,43,659.81,10
2025-01-17,10,8396.289999999999,36,839.63,8
2025-01-18,12,9714.64,40,809.55,8
2025-01-19,7,7577.45,35,1082.49,5
2025-01-20,16,8115.61,41,507.23,11
2025-01-21,14,10796.55,44,771.18,9
2025-01-22,11,10073.43,49,915.77,7
2025-01-23,11,11737.869999999999,43,1067.08,8
2025-01-24,9,10476.48,36,1164.05,5
2025-01-25,11,8088.6,39,735.33,9
2025-01-26,12,5789.81,35,482.48,8
2025-01-27,10,10381.07,23,1038.11,8
2025-01-28,13,9644.55,53,741.89,10
2025-01-29,19,11939.23,55,628.38,11
2025-01-30,10,2963.57,28,296.36,6
2025-01-31,5,1382.16,12,276.43,4
2025-02-01,12,7039.179999999999,43,586.6,6
2025-02-02,12,6858.99,26,571.58,9
2025-02-03,11,13454.58,44,1223.14,9
2025-02-04,8,13637.039999999999,45,1704.63,4
2025-02-05,11,8570.85,46,779.17,7
2025-02-06,9,11928.97,42,1325.44,5
2025-02-07,10,4324.75,38,432.48,4
2025-02-08,6,3679.63,20,613.27,5
2025-02-09,19,12885.91,58,678.21,12
2025-02-10,10,12539.73,52,1253.97,7
2025-02-11,10,10072.51,40,1007.25,3
2025-02-12,12,11855.269999999999,39,987.94,9
2025-02-13,7,5439.63,32,777.09,6
2025-02-14,12,6683.47,42,556.96,9
2025-02-15,7,4703.57,20,671.94,5
2025-02-16,8,4980.14,22,622.52,6
2025-02-17,11,9180.050000000001,54,834.55,3
2025-02-18,11,5075.43,38,461.4,6
2025-02-19,9,7705.3099999999995,37,856.15,5
2025-02-20,14,9039.6,42,645.69,10
2025-02-21,9,8653.65,46,961.52,5
2025-02-22,8,6430.93,34,803.87,4
2025-02-23,12,12277.77,46,1023.15,7
2025-02-24,10,5702.73,31,570.27,5
2025-02-25,9,6357.83,40,706.43,7
2025-02-26,15,10703.130000000001,43,713.54,10
2025-02-27,14,23719.93,74,1694.28,9
2025-02-28,9,8629.289999999999,44,958.81,6
2025-03-01,9,7987.67,28,887.52,5
2025-03-02,10,5415.6,25,541.56,7
2025-03-03,11,8433.199999999999,29,766.65,9
2025-03-04,11,15615.48,52,1419.59,9
2025-03-05,13,9889.130000000001,47,760.7,13
2025-03-06,5,4438.77,17,887.75,3
2025-03-07,9,2728.98,22,303.22,6
2025-03-08,12,4855.5,25,404.62,12
2025-03-09,10,6481.64,41,648.16,7
2025-03-10,11,4483.33,26,407.58,10
2025-03-11,11,14893.95,54,1354.0,8
2025-03-12,16,11802.51,65,737.66,12
2025-03-13,8,6296.860000000001,29,787.11,6
2025-03-14,13,11230.89,57,863.91,10
2025-03-15,14,12041.81,59,860.13,9
2025-03-16,11,9584.4,54,871.31,7
2025-03-17,7,3633.67,21,519.1,4
2025-03-18,12,12644.199999999999,52,1053.68,8
2025-03-19,15,14025.630000000001,52,935.04,13
2025-03-20,8,6006.4400000000005,23,750.8,3
2025-03-21,14,22136.1,73,1581.15,8
2025-03-22,12,13032.44,63,1086.04,8
2025-03-23,12,4438.18,34,369.85,10
2025-03-24,9,7540.01,35,837.78,5
2025-03-25,18,21309.64,78,1183.87,13
2025-03-26,15,8229.3,35,548.62,8
2025-03-27,14,10668.970000000001,46,762.07,11
2025-03-28,7,9748.45,29,1392.64,7
2025-03-29,11,6899.2300000000005,39,627.2,9
2025-03-30,10,9047.69,35,904.77,8
2025-03-31,13,9370.36,61,720.8,8
2025-04-01,13,13292.95,54,1022.53,8
2025-04-02,5,1010.96,10,202.19,4
2025-04-03,9,13113.56,52,1457.06,9
2025-04-04,9,3489.15,29,387.68,6
2025-04-05,12,9838.78,41,819.9,7
2025-04-06,20,14689.99,76,734.5,17
2025-04-07,15,10988.74,47,732.58,11
2025-04-08,12,4418.25,27,368.19,10
2025-04-09,10,4593.62,31,459.36,8
2025-04-10,10,8706.23,39,870.62,7
2025-04-11,8,2983.98,19,373.0,8
2025-04-12,14,10445.689999999999,41,746.12,12
2025-04-13,10,8443.91,35,844.39,8
2025-04-14,9,8292.0,21,921.33,6
2025-04-15,11,4791.16,27,435.56,8
2025-04-16,13,15151.72,46,1165.52,8
2025-04-17,6,2347.73,24,391.29,4
2025-04-18,7,5538.95,27,791.28,2
2025-04-19,11,7730.95,42,702.81,10
2025-04-20,6,1652.24,16,275.37,4
2025-04-21,20,15928.94,66,796.45,11
2025-04-22,8,7575.99,37,947.0,7
2025-04-23,18,18224.74,69,1012.49,13
2025-04-24,6,6372.96,18,1062.16,5
2025-04-25,8,11181.26,36,1397.66,5
2025-04-26,8,3939.68,23,492.46,5
2025-04-27,10,11438.16,33,1143.82,7
2025-04-28,3,1971.25,9,657.08,3
2025-04-29,13,8404.17,37,646.47,8
2025-04-30,10,5539.87,34,553.99,7
2025-05-01,9,6788.22,39,754.25,6
2025-05-02,12,8086.860000000001,36,673.91,9
2025-05-03,7,4017.96,19,573.99,5
2025-05-04,15,6771.57,41,451.44,8
2025-05-05,13,11844.17,54,911.09,9
2025-05-06,8,3514.32,21,439.29,5
2025-05-07,12,13951.01,71,1162.58,7
2025-05-08,11,9266.0,49,842.36,7
2025-05-09,13,6886.14,42,529.7,8
2025-05-10,9,5808.139999999999,31,645.35,6
2025-05-11,12,9839.78,44,819.98,6
2025-05-12,4,1649.05,15,412.26,3
2025-05-13,7,5293.35,22,756.19,5
2025-05-14,8,1746.33,18,218.29,5
2025-05-15,11,14443.5,49,1313.05,9
2025-05-16,11,4524.82,32,411.35,8
2025-05-17,14,17060.239999999998,57,1218.59,13
2025-05-18,12,12265.87,48,1022.16,10
2025-05-19,6,1337.17,11,222.86,4
2025-05-20,8,6633.5,38,829.19,6
2025-05-21,12,9814.11,46,817.84,8
2025-05-22,15,11165.06,45,744.34,10
2025-05-23,14,10360.11,44,740.01,11
2025-05-24,6,3085.89,14,514.31,5
2025-05-25,13,16497.96,54,1269.07,11
2025-05-26,8,3032.8199999999997,21,379.1,7
2025-05-27,10,8652.65,38,865.26,6
2025-05-28,10,5896.96,35,589.7,7
2025-05-29,13,8034.139999999999,50,618.01,10
2025-05-30,9,4634.52,35,514.95,6
2025-05-31,7,4041.41,19,577.34,4
2025-06-01,11,6905.32,31,627.76,8
2025-06-02,8,4359.41,20,544.93,4
2025-06-03,7,3840.46,20,548.64,6
2025-06-04,13,10588.67,53,814.51,9
2025-06-05,9,6065.29,40,673.92,6
2025-06-06,12,5274.62,33,439.55,9
2025-06-07,12,13755.710000000001,51,1146.31,8
2025-06-08,15,16047.310000000001,72,1069.82,8
2025-06-09,10,8137.37,30,813.74,9
2025-06-10,11,14753.32,48,1341.21,9
2025-06-11,9,2733.06,26,303.67,6
2025-06-12,10,9360.25,42,936.02,6
2025-06-13,7,2961.12,18,423.02,4
2025-06-14,12,10274.7,40,856.22,7
2025-06-15,8,4202.86,21,525.36,6
2025-06-16,16,10490.43,60,655.65,9
2025-06-17,11,9498.55,41,863.5,8
2025-06-18,7,5163.5,21,737.64,5
2025-06-19,9,8436.65,33,937.41,6
2025-06-20,10,10389.3,26,1038.93,8
2025-06-21,10,6459.76,39,645.98,5
2025-06-22,11,12733.95,26,1157.63,9
2025-06-23,13,7619.53,46,586.12,11
2025-06-24,10,6388.75,33,638.88,7
2025-06-25,10,1984.29,20,198.43,9
2025-06-26,7,8639.14,35,1234.16,6
2025-06-27,9,5102.05,36,566.89,6
2025-06-28,6,3510.51,21,585.08,4
2025-06-29,8,9933.26,22,1241.66,5
2025-06-30,11,8107.33,27,737.03,8
