customer_id,first_name,last_name,segment,region_id,total_orders,total_revenue,avg_order_value,first_order_date,last_order_date
532,Theresa,Chaney,Regular,3,848,663457.64,782.38,2023-01-01,2025-06-30
848,Katherine,Murphy,Regular,1,169,141557.29,837.62,2023-01-01,2025-06-29
533,Mark,Robinson,Regular,1,167,125550.81,751.8,2023-01-05,2025-06-29
391,William,Jackson,Enterprise,1,91,66515.53,730.94,2023-01-05,2025-06-24
476,Gabriella,Russell,Regular,7,100,65379.17,653.79,2023-01-22,2025-06-23
519,Joshua,Miller,Budget,1,65,60981.37,938.17,2023-01-02,2025-06-12
662,Jennifer,David,Regular,2,68,56940.43,837.36,2023-01-03,2025-06-25
442,Sarah,Foster,Regular,1,61,53768.67,881.45,2023-01-27,2025-06-27
262,Jessica,Johnston,Enterprise,1,86,52796.18,613.91,2023-01-05,2025-06-21
582,Tammy,Castillo,Budget,9,58,51051.26,880.19,2023-01-10,2025-06-21
676,Summer,Barnett,Premium,1,60,47160.71,786.01,2023-02-01,2025-06-22
933,Megan,Norman,Regular,1,62,46887.14,756.24,2023-01-09,2025-06-27
447,Scott,Smith,Regular,5,70,46098.2,658.55,2023-01-07,2025-06-25
155,Kerri,Shannon,Regular,5,61,45372.73,743.82,2023-01-29,2025-06-16
306,Dawn,Campos,Budget,4,46,42261.94,918.74,2023-01-26,2025-05-03
479,Joshua,Patterson,Regular,3,41,40448.74,986.55,2023-02-11,2025-06-01
706,Jennifer,Simpson,Premium,1,63,33758.37,535.85,2023-01-16,2025-05-25
811,Mary,Peck,Budget,1,53,31623.35,596.67,2023-02-11,2025-06-21
500,Andrew,Simmons,Enterprise,1,50,30683.88,613.68,2023-01-09,2025-05-28
499,Kyle,Mendoza,Budget,4,44,30544.57,694.19,2023-02-02,2025-04-07
51,Ashley,Andrews,Regular,6,34,30248.68,889.67,2023-01-08,2025-06-29
718,Erin,Hammond,Regular,3,35,29258.51,835.96,2023-01-11,2025-05-16
70,Karen,Wolf,Budget,1,50,29252.74,585.05,2023-01-26,2025-04-10
797,Elizabeth,Miller,Regular,3,25,28970.89,1158.84,2023-01-14,2025-05-20
367,Thomas,Gutierrez,Budget,8,22,27719.04,1259.96,2023-01-04,2025-06-24
472,Denise,Miller,Regular,8,37,27168.23,734.28,2023-01-09,2025-06-06
800,Daniel,Cole,Regular,1,22,26499.24,1204.51,2023-03-09,2025-05-27
2,Colin,Abbott,Premium,5,19,26426.14,1390.85,2023-04-28,2025-04-29
12,Tricia,Baker,Regular,1,47,25831.48,549.61,2023-01-26,2025-06-03
243,Jessica,Stanley,Budget,1,20,25812.29,1290.61,2023-03-01,2025-06-23
523,Nathan,Tran,Budget,3,35,25228.97,720.83,2023-01-27,2025-04-09
513,Pamela,Schroeder,Budget,1,27,25204.78,933.51,2023-02-20,2025-04-21
489,Joshua,Obrien,Regular,4,24,25146.07,1047.75,2023-01-31,2025-05-13
248,Jackie,Vasquez,Regular,2,39,24985.8,640.66,2023-01-22,2025-06-29
716,Amy,Gallagher,Regular,3,20,24944.1,1247.21,2023-02-26,2025-06-04
412,James,Nicholson,Regular,1,28,24774.32,884.8,2023-05-05,2025-06-14
844,Sophia,Brooks,Regular,2,32,24602.04,768.81,2023-01-15,2025-06-14
721,Brenda,Huerta,Regular,1,20,24537.31,1226.87,2023-03-04,2025-06-10
465,Troy,Padilla,Budget,7,37,24172.61,653.31,2023-01-07,2025-04-26
250,Paul,Proctor,Premium,9,18,23996.85,1333.16,2023-01-10,2025-06-09
446,Lonnie,Buchanan,Regular,9,27,23442.99,868.26,2023-01-11,2025-03-26
679,Matthew,Stafford,Regular,5,28,23172.97,827.61,2023-01-13,2025-06-08
359,Jason,Flynn,Regular,6,25,22701.43,908.06,2023-01-26,2025-06-24
541,Brandon,Torres,Budget,1,31,22289.95,719.03,2023-01-06,2025-06-30
179,Joshua,Thomas,Premium,3,20,22282.6,1114.13,2023-02-27,2025-06-20
122,Alfred,Patel,Regular,2,20,22164.78,1108.24,2023-01-29,2025-05-18
141,Antonio,Walker,Budget,3,28,22032.61,786.88,2023-02-09,2025-06-13
34,John,Russell,Budget,1,22,21974.77,998.85,2023-01-20,2025-06-23
402,Debbie,Cline,Premium,3,28,21644.48,773.02,2023-01-08,2025-05-20
814,Andrew,Zavala,Enterprise,5,23,21142.93,919.26,2023-03-19,2025-05-19
140,Jacob,Wilkinson,Regular,6,42,21137.02,503.26,2023-01-05,2025-06-11
954,Mary,Rivera,Regular,1,22,21024.74,955.67,2023-03-16,2025-06-14
969,Matthew,Griffin,Budget,8,15,20890.46,1392.7,2023-01-31,2025-05-01
470,Heather,Davis,Regular,1,27,20730.59,767.8,2023-01-07,2025-05-09
227,Brianna,Figueroa,Premium,5,36,20604.83,572.36,2023-02-24,2025-06-23
105,Albert,Bradley,Regular,7,26,20563.8,790.92,2023-01-09,2025-06-10
323,Paul,Taylor,Enterprise,1,13,20331.37,1563.95,2023-03-18,2025-05-29
281,Evan,Mitchell,Regular,6,13,20134.27,1548.79,2023-03-12,2025-05-22
204,Tiffany,Moon,Budget,4,17,20130.59,1184.15,2023-02-25,2025-03-15
999,Kevin,Griffin,Budget,8,25,20019.61,800.78,2023-01-07,2025-04-30
507,Scott,Newman,Regular,2,25,19910.49,796.42,2023-03-12,2025-06-14
365,Amanda,Lyons,Regular,6,32,19658.6,614.33,2023-01-06,2025-06-26
918,Stephanie,Hernandez,Budget,1,33,19556.14,592.61,2023-02-09,2025-05-27
246,Amanda,Watts,Budget,1,28,19552.92,698.32,2023-02-04,2025-03-19
685,Whitney,Morrison,Regular,5,25,19210.64,768.43,2023-03-20,2025-05-07
257,Laura,Brown,Premium,1,22,18902.01,859.18,2023-02-25,2025-06-07
949,Benjamin,Davis,Premium,4,15,18827.51,1255.17,2023-01-17,2025-05-24
113,Tiffany,Ford,Regular,8,19,18786.77,988.78,2023-02-11,2025-04-06
413,David,Mahoney,Budget,4,28,18692.11,667.58,2023-02-14,2025-05-25
595,Andrea,Romero,Regular,2,24,18532.88,772.2,2023-01-01,2025-03-29
242,Crystal,Duncan,Regular,1,25,18511.86,740.47,2023-02-08,2025-04-13
278,Andrea,Williams,Budget,4,9,18016.85,2001.87,2023-04-04,2025-05-10
56,Martha,Gilbert,Premium,3,25,17849.68,713.99,2023-04-28,2025-05-09
135,Timothy,Phillips,Budget,5,23,17779.99,773.04,2023-02-08,2025-03-10
907,Donald,Olson,Enterprise,1,12,17422.95,1451.91,2023-02-17,2025-06-30
772,Dustin,Obrien,Enterprise,9,19,17204.95,905.52,2023-04-11,2025-03-16
536,John,Lewis,Budget,5,26,17074.91,656.73,2023-02-18,2025-06-22
81,Aaron,Gomez,Premium,6,23,16695.1,725.87,2023-01-26,2025-04-28
35,Ronald,Reese,Budget,3,27,16418.97,608.11,2023-01-16,2025-04-24
578,Mary,Nelson,Premium,7,26,16181.74,622.37,2023-03-17,2025-06-11
151,Paul,Combs,Budget,3,18,16014.29,889.68,2023-01-12,2025-06-15
127,Tracy,Kelly,Premium,1,12,16010.6,1334.22,2023-01-17,2025-04-27
314,Nicole,Kim,Budget,8,29,15961.59,550.4,2023-02-03,2025-05-03
368,Krystal,Taylor,Regular,10,20,15818.59,790.93,2023-05-19,2025-05-21
790,Yolanda,Hernandez,Regular,3,26,15728.07,604.93,2023-01-16,2025-02-24
241,David,Dillon,Premium,7,26,15721.37,604.67,2023-03-22,2025-06-21
514,Shawn,Jackson,Budget,6,18,15706.38,872.58,2023-02-17,2025-06-26
906,Jeremy,Chavez,Premium,1,11,15538.77,1412.62,2023-01-03,2025-06-13
655,Amanda,Harrington,Regular,6,11,15160.08,1378.19,2023-01-04,2025-06-12
720,Frank,Wilson,Premium,2,15,14956.44,997.1,2023-02-14,2025-06-02
898,Jean,Roth,Budget,1,16,14873.96,929.62,2023-01-24,2024-12-12
808,Jessica,Ward,Regular,1,20,14846.51,742.33,2023-05-29,2025-06-23
616,Stephanie,Dougherty,Premium,1,23,14794.82,643.25,2023-02-11,2025-03-28
784,Steven,Gibson,Premium,7,7,14731.54,2104.51,2023-03-17,2025-03-17
89,Joel,Snyder,Enterprise,10,17,14638.65,861.1,2023-01-29,2025-03-14
68,Keith,Sullivan,Budget,6,12,14510.11,1209.18,2023-01-10,2025-06-24
199,William,Harrison,Regular,1,22,14440.87,656.4,2023-07-20,2025-06-25
192,Michael,Santos,Premium,2,17,14347.32,843.96,2023-01-21,2024-12-19
268,Steven,Landry,Regular,3,17,14111.98,830.12,2023-01-27,2025-02-18
325,Joshua,Blair,Budget,2,34,14093.64,414.52,2023-01-08,2025-06-02
309,Christopher,Jacobs,Premium,4,19,14090.84,741.62,2023-01-22,2025-06-22
152,Jacqueline,Miller,Premium,3,8,14017.27,1752.16,2023-01-20,2024-11-06
49,Ryan,Sanchez,Budget,1,14,13976.52,998.32,2023-01-02,2025-04-07
193,Jamie,Jennings,Regular,4,19,13868.3,729.91,2023-03-21,2025-06-26
198,Jose,Edwards,Budget,8,15,13839.89,922.66,2023-02-07,2025-03-01
555,Michael,Campbell,Premium,2,17,13773.08,810.18,2023-01-06,2025-06-16
575,Chase,Martinez,Regular,5,8,13711.55,1713.94,2023-05-20,2025-04-11
53,Maria,Scott,Regular,1,15,13558.9,903.93,2023-01-19,2025-05-18
943,Brandon,Lowe,Budget,5,15,13545.56,903.04,2023-02-25,2025-04-29
530,Donna,Hill,Regular,4,24,13511.04,562.96,2023-03-21,2025-05-08
396,Courtney,Gomez,Regular,1,19,13379.23,704.17,2023-01-14,2025-06-10
265,Charles,Frank,Enterprise,5,12,13308.52,1109.04,2023-01-08,2024-08-14
374,Logan,Moreno,Premium,10,10,13300.23,1330.02,2023-02-14,2025-06-22
576,Troy,Moss,Regular,1,24,13286.19,553.59,2023-02-22,2025-05-05
421,Robert,Martin,Budget,1,11,13143.3,1194.85,2023-02-15,2025-03-26
490,Debra,Clark,Regular,3,18,13045.08,724.73,2023-01-26,2025-06-04
776,Jeffrey,Stevens,Regular,1,4,13041.33,3260.33,2023-01-01,2024-06-19
710,Jenny,Williams,Premium,4,10,12988.35,1298.84,2023-04-01,2025-05-25
510,Andrea,Little,Premium,2,12,12955.72,1079.64,2023-01-14,2025-03-01
715,Jessica,Wallace,Regular,4,4,12828.13,3207.03,2023-06-13,2025-04-06
454,Maria,King,Regular,1,23,12778.95,555.61,2023-01-13,2025-06-10
631,Matthew,Valdez,Regular,7,5,12663.03,2532.61,2024-02-07,2025-04-19
474,Joshua,Daniel,Regular,2,16,12632.03,789.5,2023-03-30,2025-06-12
732,Jay,Smith,Regular,6,13,12526.69,963.59,2023-04-08,2025-06-25
119,Corey,Zavala,Regular,2,17,12472.49,733.68,2023-02-17,2025-06-17
457,Todd,Hodges,Enterprise,8,9,12334.95,1370.55,2023-11-06,2024-12-11
249,Jeff,Fisher,Regular,9,24,12284.19,511.84,2023-01-09,2025-03-26
445,Kyle,Rojas,Enterprise,5,12,12271.13,1022.59,2023-03-12,2025-06-04
724,Monica,House,Budget,6,12,12134.89,1011.24,2023-04-17,2025-03-06
726,Jennifer,Doyle,Regular,10,9,12063.74,1340.42,2023-01-07,2025-05-17
858,Stephanie,Zamora,Regular,1,7,12055.54,1722.22,2023-04-11,2025-03-29
8,Allison,Obrien,Budget,4,12,12034.9,1002.91,2023-01-16,2025-04-21
550,Brandon,Smith,Regular,4,11,11970.79,1088.25,2023-06-04,2025-06-24
537,Carolyn,Rose,Premium,10,11,11911.99,1082.91,2023-04-30,2025-06-19
807,Amy,Gonzalez,Regular,9,19,11858.04,624.11,2023-01-16,2025-06-11
231,Danielle,Gonzales,Regular,4,14,11780.93,841.5,2023-06-08,2024-12-04
352,William,Hernandez,Premium,8,15,11745.2,783.01,2023-02-28,2025-04-13
288,Daniel,Glover,Budget,1,7,11706.7,1672.39,2023-02-06,2025-03-31
229,Mitchell,Peters,Regular,4,16,11690.64,730.66,2023-03-09,2025-06-27
93,Eric,Perry,Budget,3,9,11670.27,1296.7,2023-01-13,2025-06-25
386,Kenneth,Gallegos,Regular,2,13,11663.89,897.22,2023-03-28,2025-02-12
572,Joe,Jones,Budget,10,13,11610.49,893.11,2023-03-13,2025-03-03
746,Steven,Holland,Regular,8,15,11604.92,773.66,2023-02-13,2025-02-25
524,Wesley,Shaffer,Premium,5,17,11592.24,681.9,2023-05-18,2025-06-15
187,Destiny,Walker,Regular,6,14,11545.16,824.65,2023-01-16,2025-04-17
163,Andrew,Brown,Enterprise,1,8,11469.79,1433.72,2023-01-27,2024-04-26
760,Cesar,White,Regular,7,11,11338.96,1030.81,2023-01-21,2025-06-07
273,Jerry,Johnson,Budget,8,16,11329.63,708.1,2023-03-22,2025-06-27
680,David,Bailey,Budget,8,17,11278.91,663.47,2023-01-05,2025-05-30
552,Jamie,Davis,Regular,2,14,11258.31,804.16,2023-02-21,2025-04-21
870,Ryan,Mitchell,Regular,3,21,11248.0,535.62,2023-03-12,2025-05-24
728,Terri,Baker,Premium,2,12,11170.83,930.9,2023-03-09,2025-05-10
36,Tina,Wall,Regular,1,12,11138.29,928.19,2023-01-22,2025-05-15
197,David,Barber,Regular,10,11,11043.84,1003.99,2023-02-22,2025-04-04
196,Melissa,Alvarado,Regular,5,6,10963.06,1827.18,2023-01-29,2025-04-05
817,Jacob,Hull,Regular,1,6,10937.21,1822.87,2023-01-02,2025-06-30
964,Megan,Blackwell,Regular,3,7,10850.63,1550.09,2023-06-19,2025-05-07
379,Gregory,Hanna,Regular,2,9,10759.17,1195.46,2023-03-28,2025-03-19
50,Steve,Estrada,Premium,4,8,10690.37,1336.3,2023-02-03,2024-06-30
632,Eugene,Anderson,Regular,7,13,10657.73,819.83,2023-01-13,2024-10-08
280,Nicole,Ramirez,Budget,4,14,10643.87,760.28,2023-07-05,2025-04-24
628,Frederick,Smith,Budget,5,14,10466.6,747.61,2023-01-09,2025-06-24
997,Mark,Chavez,Regular,1,20,10423.78,521.19,2023-01-11,2025-03-12
432,Tiffany,Gamble,Regular,4,10,10413.95,1041.4,2023-02-16,2025-04-29
512,Christian,Garrett,Regular,1,9,10402.06,1155.78,2023-04-25,2025-06-07
801,Diana,Diaz,Enterprise,3,15,10399.7,693.31,2023-01-04,2025-04-21
384,Christine,Dickson,Budget,7,11,10363.11,942.1,2023-04-25,2025-04-13
752,Jessica,Fernandez,Regular,1,20,10323.69,516.18,2023-03-12,2025-05-01
597,Shawn,Moss,Regular,3,6,10308.88,1718.15,2023-03-16,2025-06-30
463,Ashley,Anderson,Regular,3,10,10307.01,1030.7,2023-02-19,2025-04-24
615,Marcus,Huang,Budget,4,10,10282.08,1028.21,2023-04-17,2025-01-30
315,Matthew,Morgan,Regular,2,14,10273.19,733.8,2023-04-19,2025-06-17
932,Holly,Perkins,Regular,6,17,10242.35,602.49,2023-01-09,2025-05-26
786,Kevin,Johnson,Budget,2,15,10239.99,682.67,2023-02-16,2025-06-16
518,Vanessa,Schroeder,Regular,6,14,10226.61,730.47,2023-03-11,2025-04-27
881,Maria,Walker,Regular,4,10,10191.56,1019.16,2023-02-04,2025-05-29
468,Terri,White,Regular,6,12,10171.43,847.62,2023-01-22,2025-06-23
67,Mark,Smith,Budget,4,9,10163.8,1129.31,2023-02-08,2025-04-02
526,Christina,Long,Premium,3,11,10133.87,921.26,2023-05-21,2025-04-30
356,Connor,Reed,Regular,10,6,10112.98,1685.5,2023-02-10,2025-01-17
95,Tyler,Davis,Budget,2,8,10098.73,1262.34,2023-01-21,2025-05-05
404,Matthew,White,Regular,2,12,10090.05,840.84,2023-06-11,2025-06-29
698,Linda,James,Premium,1,8,10040.65,1255.08,2023-01-07,2025-02-19
55,Darryl,Williams,Enterprise,1,10,10039.32,1003.93,2023-11-19,2025-05-10
569,James,Clark,Budget,2,12,10030.31,835.86,2023-04-10,2025-04-01
957,Shawn,Jones,Regular,4,5,10016.46,2003.29,2023-01-10,2025-06-16
759,Amy,Miller,Premium,3,16,9981.1,623.82,2023-03-26,2025-06-16
501,Sandra,Gillespie,Regular,2,12,9972.27,831.02,2023-04-13,2025-06-14
649,Mark,Benson,Budget,2,15,9967.76,664.52,2023-01-21,2025-06-04
171,Jennifer,Williams,Premium,1,7,9964.73,1423.53,2023-03-28,2024-08-29
351,Judith,Stafford,Regular,2,7,9957.81,1422.54,2023-04-16,2025-06-17
486,Christopher,Patterson,Regular,6,21,9936.8,473.18,2023-02-26,2025-06-17
812,Tara,Atkins,Premium,2,13,9932.13,764.01,2023-02-08,2025-05-27
444,Gregory,Gill,Regular,9,6,9864.27,1644.04,2023-02-12,2024-12-19
451,Tracy,Davidson,Budget,1,10,9817.14,981.71,2023-10-13,2025-02-17
592,Samuel,Romero,Regular,3,10,9815.24,981.52,2023-02-06,2024-10-24
128,Levi,Rodriguez,Budget,1,11,9772.31,888.39,2023-04-26,2025-06-16
458,Katherine,Munoz,Enterprise,2,14,9767.96,697.71,2023-02-21,2025-01-08
545,Julie,Allen,Regular,7,7,9765.89,1395.13,2023-02-15,2025-04-21
678,Cynthia,Conley,Premium,1,11,9752.01,886.55,2023-11-19,2025-02-10
183,William,Hancock,Enterprise,3,16,9643.3,602.71,2023-07-30,2024-11-26
92,Marcia,Johnson,Premium,1,10,9585.19,958.52,2023-01-30,2025-06-19
346,Ellen,Johnson,Premium,4,11,9579.7,870.88,2023-01-18,2025-06-08
852,Tammy,Manning,Regular,1,11,9578.08,870.73,2023-05-04,2025-06-21
213,Bailey,Perez,Premium,7,8,9575.65,1196.96,2023-01-03,2025-02-17
74,Kyle,Douglas,Regular,5,15,9547.77,636.52,2023-01-18,2024-12-01
377,Alicia,Duncan,Regular,1,16,9499.83,593.74,2023-01-28,2025-05-14
289,Jennifer,Boyd,Regular,4,7,9497.32,1356.76,2023-04-07,2025-04-23
484,Adam,Stephenson,Enterprise,1,11,9407.25,855.2,2023-03-25,2025-06-28
337,Raymond,Baldwin,Regular,9,16,9344.14,584.01,2023-01-08,2025-05-17
646,Calvin,Johnson,Budget,7,12,9323.22,776.94,2023-02-26,2025-02-14
980,Michael,Smith,Regular,4,10,9322.9,932.29,2023-01-07,2024-08-27
271,Amy,Clark,Regular,2,8,9311.36,1163.92,2023-02-16,2025-05-30
921,Phyllis,Miller,Regular,1,18,9309.18,517.18,2023-01-17,2025-06-28
397,April,Wright,Regular,2,15,9240.36,616.02,2023-01-07,2025-04-26
826,Noah,Weber,Premium,8,19,9188.19,483.59,2023-02-04,2025-06-19
305,Henry,Rose,Regular,1,12,9177.28,764.77,2023-07-02,2025-01-06
837,Brian,Mccoy,Premium,2,22,9166.82,416.67,2023-01-04,2025-05-01
154,Jessica,Wilson,Budget,3,9,9144.35,1016.04,2023-01-24,2025-03-09
71,Lance,Hayes,Regular,4,12,9134.98,761.25,2023-01-05,2025-06-17
400,Anthony,Thomas,Enterprise,3,9,9101.64,1011.29,2023-02-21,2025-06-07
711,Diane,Gonzales,Enterprise,6,8,9018.53,1127.32,2023-07-28,2025-05-23
882,Sophia,Walker,Regular,6,13,9014.87,693.45,2023-04-21,2025-03-27
623,Nicole,Thompson,Premium,6,11,9006.13,818.74,2023-05-05,2025-05-07
796,Melissa,Garcia,Regular,1,16,8946.58,559.16,2023-03-03,2024-10-31
339,James,Collier,Regular,6,8,8907.61,1113.45,2023-03-21,2025-05-30
747,Tracey,Guzman,Premium,1,7,8906.7,1272.39,2023-06-02,2025-03-03
340,Robert,Vasquez,Premium,7,6,8893.04,1482.17,2023-05-26,2025-05-11
455,Kim,Butler,Regular,8,7,8882.78,1268.97,2023-05-05,2025-05-20
392,John,Lamb,Budget,3,5,8868.09,1773.62,2023-06-24,2024-06-28
482,Savannah,Stafford,Regular,6,11,8860.31,805.48,2023-02-28,2024-11-02
745,Rachael,Long,Budget,8,7,8834.73,1262.1,2023-03-06,2025-05-05
184,Jeffery,Turner,Regular,4,13,8726.26,671.25,2023-04-10,2025-02-21
885,Daniel,Daniel,Regular,4,13,8651.56,665.5,2023-10-22,2025-05-22
88,Gerald,Reeves,Enterprise,10,10,8565.0,856.5,2023-01-05,2025-06-22
393,Scott,Carrillo,Regular,10,8,8544.49,1068.06,2023-01-19,2025-02-27
126,Patrick,Singh,Premium,2,7,8535.6,1219.37,2023-02-12,2025-06-22
439,Donald,Hoover,Regular,1,6,8532.38,1422.06,2023-05-07,2025-02-21
381,Taylor,Miller,Regular,5,5,8500.79,1700.16,2024-02-11,2025-01-01
85,Manuel,Miller,Budget,3,5,8499.17,1699.83,2024-01-07,2025-05-21
277,Shawn,Mosley,Regular,5,10,8480.98,848.1,2023-06-28,2025-04-26
174,Kelly,Stanley,Budget,6,3,8460.72,2820.24,2023-03-24,2025-03-18
560,Michelle,Martinez,Enterprise,5,7,8434.61,1204.94,2023-05-22,2025-05-19
58,Mark,Hernandez,Regular,1,8,8431.38,1053.92,2023-01-30,2024-10-08
846,Victoria,Carter,Regular,1,6,8417.34,1402.89,2023-01-06,2025-06-29
876,William,Carter,Premium,2,6,8393.63,1398.94,2023-04-02,2025-04-14
697,Tara,Brown,Regular,2,4,8387.89,2096.97,2023-02-22,2025-06-28
920,Brent,Murray,Regular,7,8,8368.5,1046.06,2023-01-30,2025-04-01
467,Heather,Carter,Regular,2,8,8360.61,1045.08,2023-04-03,2024-12-03
599,Benjamin,Watts,Premium,2,9,8359.36,928.82,2023-02-25,2025-06-24
420,Miguel,Smith,Regular,3,13,8338.26,641.4,2023-01-13,2025-06-11
222,Paige,Smith,Regular,1,4,8321.35,2080.34,2023-04-13,2025-05-04
350,Jeremiah,Russell,Regular,1,13,8320.06,640.0,2023-03-07,2025-04-01
782,Keith,Harrison,Regular,4,7,8318.46,1188.35,2023-06-17,2025-03-12
696,Bryce,Gomez,Regular,7,10,8307.83,830.78,2023-02-08,2025-03-28
494,Jeffrey,Ferguson,Enterprise,4,6,8241.09,1373.52,2023-06-02,2025-06-28
666,Bailey,Walters,Regular,2,7,8219.94,1174.28,2023-02-27,2025-06-16
279,Rachel,Horne,Regular,1,14,8216.52,586.89,2023-03-19,2025-05-08
708,Erik,Moody,Premium,5,11,8215.56,746.87,2023-01-20,2025-06-22
992,Sarah,Miller,Enterprise,5,7,8151.95,1164.56,2023-02-27,2024-12-09
917,Sarah,Foster,Regular,5,7,8136.97,1162.42,2023-09-14,2025-06-18
117,Sandra,Boone,Budget,1,10,8133.99,813.4,2023-03-22,2025-05-29
648,Roy,Martinez,Enterprise,1,12,8103.09,675.26,2023-01-02,2025-06-28
568,Judy,Hamilton,Regular,4,9,8086.35,898.48,2023-01-17,2025-06-04
792,Taylor,Zavala,Regular,6,8,8068.77,1008.6,2023-02-20,2025-06-19
831,Martha,Moore,Premium,2,6,8067.08,1344.51,2023-04-13,2025-05-18
26,Jimmy,Rogers,Regular,5,12,8037.38,669.78,2023-03-16,2025-06-24
774,David,Davis,Budget,5,9,8036.04,892.89,2023-03-27,2025-01-22
624,Victoria,Hamilton,Premium,4,10,7970.08,797.01,2023-05-31,2025-04-21
251,Timothy,Evans,Regular,3,6,7961.9,1326.98,2023-01-02,2025-04-03
428,Ryan,Richardson,Regular,3,11,7957.43,723.4,2023-10-23,2025-02-09
924,Jessica,Myers,Budget,9,14,7955.98,568.28,2023-03-30,2025-06-02
253,Jennifer,King,Regular,4,8,7944.92,993.12,2023-06-11,2025-06-24
684,Jesse,Gonzales,Regular,3,5,7941.69,1588.34,2023-03-31,2025-04-10
54,Joseph,Martinez,Regular,9,15,7923.45,528.23,2023-02-12,2025-06-07
299,Don,Peters,Regular,2,8,7879.01,984.88,2023-08-01,2025-03-08
854,Kathryn,Schneider,Regular,8,16,7878.71,492.42,2023-03-12,2025-06-26
869,David,Robinson,Enterprise,5,10,7876.24,787.62,2023-02-03,2025-05-20
923,Elizabeth,Poole,Budget,3,10,7846.06,784.61,2023-01-06,2025-03-21
77,Micheal,Valentine,Budget,2,7,7794.48,1113.5,2023-07-13,2024-11-19
509,Brian,Watson,Budget,2,14,7772.9,555.21,2023-01-07,2025-06-30
266,Brady,Meyers,Premium,1,10,7759.79,775.98,2023-04-14,2025-04-08
194,Kimberly,Decker,Enterprise,3,10,7759.72,775.97,2023-05-04,2025-05-11
29,Brent,Gray,Budget,1,11,7739.19,703.56,2023-01-20,2025-01-29
63,Dale,Romero,Premium,2,13,7738.92,595.3,2023-05-22,2025-06-12
427,Kevin,Oneal,Regular,5,8,7719.04,964.88,2023-05-24,2025-04-29
652,Monica,Olson,Regular,4,9,7711.82,856.87,2023-01-27,2025-02-21
390,Daniel,Perez,Regular,2,8,7710.6,963.82,2023-01-31,2025-01-19
806,Susan,Lang,Premium,4,8,7703.51,962.94,2023-03-30,2025-04-16
234,Timothy,Scott,Regular,3,7,7685.41,1097.92,2023-06-30,2025-02-21
502,Sarah,Cochran,Budget,5,6,7655.62,1275.94,2023-11-12,2025-05-05
78,Joshua,Whitehead,Regular,8,7,7635.54,1090.79,2023-04-24,2025-05-15
406,William,Gordon,Premium,5,12,7602.17,633.51,2023-02-05,2025-06-30
475,Wanda,Terry,Regular,4,10,7568.75,756.88,2023-01-25,2025-04-21
149,Christopher,Garcia,Budget,2,4,7565.44,1891.36,2023-02-27,2025-05-20
753,Marvin,Howard,Enterprise,1,4,7565.34,1891.34,2023-02-01,2025-03-10
21,Bradley,Graham,Budget,1,7,7559.06,1079.87,2023-01-08,2024-11-15
799,Desiree,Briggs,Budget,1,11,7549.85,686.35,2023-01-16,2025-05-04
765,Brenda,Smith,Regular,1,6,7518.95,1253.16,2023-02-14,2025-01-10
466,Erica,Mooney,Regular,1,9,7464.59,829.4,2023-06-30,2025-05-04
543,Alexander,Robinson,Regular,3,4,7460.34,1865.08,2023-02-11,2024-10-27
3,Norman,Chavez,Regular,1,7,7453.16,1064.74,2023-03-26,2025-05-28
749,Kevin,Baker,Regular,8,13,7453.09,573.31,2023-03-12,2025-05-04
10,Lindsey,Lee,Regular,4,8,7397.48,924.68,2023-07-05,2025-03-27
778,William,Hughes,Premium,4,8,7381.96,922.75,2023-02-14,2025-04-01
73,Nathan,Campbell,Regular,1,6,7376.1,1229.35,2023-03-13,2025-06-10
226,Thomas,Mendez,Regular,10,5,7368.62,1473.72,2023-11-27,2025-02-09
619,Brian,Walsh,Budget,4,11,7338.96,667.18,2023-06-05,2025-01-25
768,Kendra,Reynolds,Enterprise,2,12,7324.22,610.35,2023-01-29,2025-02-27
488,William,Schneider,Budget,2,8,7224.28,903.04,2023-01-21,2025-06-05
497,Jacob,Henry,Budget,2,12,7211.42,600.95,2023-03-06,2024-06-02
770,Sarah,Baxter,Premium,2,15,7181.81,478.79,2023-01-30,2025-05-21
66,Joshua,Fischer,Budget,2,9,7172.87,796.99,2023-06-30,2024-09-12
922,Katherine,Hayes,Regular,4,9,7172.75,796.97,2023-04-17,2025-05-04
733,Michael,Rodriguez,Premium,7,9,7167.21,796.36,2023-05-31,2025-02-18
612,Edward,Jones,Regular,3,11,7151.04,650.09,2023-02-13,2025-06-27
98,April,Hernandez,Regular,8,5,7149.55,1429.91,2023-03-14,2024-08-16
147,Jessica,Fischer,Regular,3,10,7120.62,712.06,2023-04-15,2025-04-26
460,Ronnie,Huynh,Regular,1,7,7115.21,1016.46,2023-04-06,2025-06-21
324,Jeffrey,Phillips,Enterprise,2,6,7106.07,1184.34,2024-03-01,2025-03-15
861,Ryan,Adams,Regular,7,14,7054.73,503.91,2023-03-13,2025-05-21
13,Brian,Silva,Regular,2,12,7042.23,586.85,2023-07-08,2025-05-29
189,Tony,Welch,Regular,10,6,7033.27,1172.21,2023-06-10,2025-05-08
910,Derrick,Patrick,Regular,5,6,7026.73,1171.12,2023-08-08,2025-05-19
429,Sara,Garcia,Enterprise,2,5,7021.8,1404.36,2023-05-30,2025-02-14
452,Ariel,Lee,Regular,6,8,7000.94,875.12,2023-02-12,2025-03-13
601,Grace,Johnson,Budget,8,5,6974.53,1394.91,2023-06-12,2024-09-07
884,Brandon,Boyd,Premium,1,4,6974.41,1743.6,2023-04-19,2025-03-15
205,Jason,Klein,Budget,5,5,6957.47,1391.49,2023-01-10,2025-03-26
644,Ricardo,Smith,Budget,1,6,6948.46,1158.08,2023-10-06,2025-04-27
946,Nicole,Smith,Regular,1,5,6930.93,1386.19,2023-06-09,2025-01-12
293,Philip,Lyons,Regular,1,7,6920.54,988.65,2023-09-04,2025-04-15
148,Jeremy,Davis,Regular,7,11,6919.12,629.01,2023-10-25,2024-12-10
938,Herbert,Gill,Premium,1,15,6902.47,460.16,2023-03-12,2025-06-12
436,Isabella,Dawson,Enterprise,2,9,6902.21,766.91,2023-07-31,2025-04-04
409,Maria,Hardy,Regular,10,13,6880.53,529.27,2023-04-24,2025-06-19
902,Dustin,Williams,Regular,10,4,6854.95,1713.74,2023-03-03,2024-10-01
947,Lori,Koch,Regular,6,2,6845.65,3422.82,2024-03-29,2024-10-05
985,Karen,Mejia,Regular,1,8,6809.13,851.14,2023-01-27,2025-03-10
585,Theresa,Merritt,Regular,5,8,6800.02,850.0,2024-07-06,2025-05-24
115,Kevin,Thomas,Premium,4,9,6791.37,754.6,2023-02-26,2025-06-10
705,Tammy,Cruz,Regular,7,3,6778.31,2259.44,2024-01-06,2025-01-01
736,Shannon,Waters,Enterprise,2,14,6756.1,482.58,2023-03-15,2025-06-23
699,Shannon,Davis,Premium,2,6,6749.19,1124.86,2023-05-16,2025-05-17
990,Vicki,Davis,Enterprise,1,5,6749.01,1349.8,2023-09-03,2024-08-24
76,Marie,Wise,Premium,7,9,6746.08,749.56,2023-02-25,2024-10-25
561,April,Wright,Regular,3,7,6697.99,956.86,2023-06-06,2025-06-07
891,Jason,Benjamin,Regular,3,12,6681.7,556.81,2023-04-10,2025-01-16
46,Sarah,Kane,Premium,4,9,6681.26,742.36,2023-06-18,2025-06-29
779,Caroline,Harrison,Enterprise,3,7,6666.97,952.42,2023-05-17,2024-11-28
700,Stephanie,Lopez,Regular,6,6,6653.01,1108.84,2023-02-13,2024-07-29
528,Christopher,Johnson,Regular,1,4,6642.26,1660.56,2024-02-14,2024-09-09
972,Patricia,Estrada,Enterprise,1,18,6610.54,367.25,2023-04-15,2025-04-22
618,Joshua,Brown,Regular,5,7,6605.56,943.65,2023-02-10,2025-03-16
118,Suzanne,Wilson,Regular,2,5,6605.02,1321.0,2024-01-13,2025-03-29
743,William,Roberts,Enterprise,1,8,6594.61,824.33,2023-01-10,2025-04-07
320,Angela,Lee,Premium,6,2,6591.7,3295.85,2024-07-25,2024-11-24
815,Jesse,Hill,Budget,2,13,6570.68,505.44,2023-05-14,2025-05-26
781,Jasmine,Moore,Regular,8,11,6522.61,592.96,2023-10-21,2025-03-30
90,Teresa,Day,Budget,1,6,6520.68,1086.78,2023-02-24,2024-07-23
480,Timothy,Robertson,Budget,1,5,6489.49,1297.9,2023-02-05,2024-07-01
443,Debra,Wood,Regular,1,8,6454.48,806.81,2023-06-21,2025-02-27
758,Jackie,Callahan,Regular,1,9,6449.43,716.6,2023-04-10,2025-03-04
495,Stacey,Henson,Regular,1,9,6435.4,715.04,2023-03-31,2024-07-13
865,Courtney,Williams,Budget,6,6,6418.65,1069.78,2023-02-16,2024-10-21
220,Sean,White,Regular,1,15,6374.54,424.97,2023-01-01,2025-03-24
347,Jennifer,Brandt,Premium,7,4,6319.23,1579.81,2023-05-08,2024-12-10
239,Angela,Chase,Premium,2,11,6312.04,573.82,2023-02-10,2025-06-12
864,Sierra,Brooks,Regular,3,7,6250.21,892.89,2023-08-14,2025-03-26
7,Amber,Osborne,Premium,2,6,6241.0,1040.17,2023-02-14,2025-06-21
385,Megan,Garrison,Budget,1,12,6204.23,517.02,2023-02-25,2025-04-16
825,Tiffany,Smith,Regular,1,6,6180.44,1030.07,2023-06-08,2024-12-11
129,Michael,Davis,Regular,6,4,6177.22,1544.3,2023-05-14,2024-10-03
525,William,Adams,Enterprise,1,13,6175.66,475.05,2023-03-04,2025-06-08
336,Sean,Davis,Budget,6,4,6149.97,1537.49,2023-05-01,2024-10-20
833,Sean,Stewart,Premium,3,3,6144.44,2048.15,2024-06-11,2025-02-04
462,Laura,Cook,Premium,3,7,6139.43,877.06,2023-03-25,2025-05-15
553,Mary,Martinez,Regular,6,9,6125.56,680.62,2023-03-16,2025-04-07
182,Brenda,Bailey,Premium,5,7,6056.89,865.27,2023-07-04,2025-03-14
834,Regina,Carpenter,Regular,1,6,6051.87,1008.64,2023-08-20,2025-05-22
604,Megan,Fischer,Enterprise,3,9,6041.77,671.31,2023-02-08,2025-01-19
24,Troy,Sanchez,Regular,2,8,6026.41,753.3,2023-03-10,2025-02-18
775,Mary,Hernandez,Budget,4,15,6021.49,401.43,2023-02-08,2025-05-09
878,Troy,Patel,Premium,10,8,6010.93,751.37,2023-04-28,2025-05-05
328,Christine,Rogers,Enterprise,1,6,6009.1,1001.52,2023-12-08,2025-06-11
929,Bradley,Scott,Regular,4,11,5975.55,543.23,2023-01-22,2025-02-17
738,Steven,Browning,Budget,5,12,5960.17,496.68,2023-01-24,2025-06-11
810,Victoria,Martin,Regular,9,6,5925.13,987.52,2023-01-15,2025-06-10
966,Michelle,Jenkins,Budget,5,4,5919.53,1479.88,2023-06-02,2025-05-08
574,Penny,Haas,Budget,7,5,5919.21,1183.84,2023-02-10,2024-08-08
219,Rebecca,Arnold,Regular,7,7,5893.67,841.95,2023-03-29,2025-06-01
91,Michael,Everett,Regular,4,4,5884.79,1471.2,2024-01-13,2025-01-20
976,Gina,Peterson,Regular,1,2,5881.85,2940.92,2024-04-24,2025-04-05
789,William,Mccoy,Enterprise,1,3,5858.19,1952.73,2023-01-11,2025-03-25
300,Patricia,Dominguez,Budget,8,8,5851.11,731.39,2023-03-16,2025-03-04
419,Michael,Olson,Regular,2,8,5814.52,726.82,2023-05-04,2025-06-23
274,Jeffrey,Powers,Budget,1,21,5804.55,276.41,2023-01-31,2025-05-30
6,Erin,Wilson,Regular,5,6,5785.64,964.27,2023-03-23,2025-03-28
256,Ashley,Huff,Premium,7,7,5769.06,824.15,2023-01-11,2024-08-16
1,Anna,Baldwin,Regular,1,10,5722.07,572.21,2023-05-22,2025-03-19
258,Katie,Ray,Budget,1,10,5718.91,571.89,2023-02-15,2025-04-03
48,Wendy,Francis,Regular,1,11,5706.7,518.79,2023-05-06,2025-06-16
80,Kimberly,Young,Budget,1,4,5700.82,1425.2,2023-05-04,2024-06-15
832,Eric,Osborn,Budget,5,13,5663.83,435.68,2023-07-16,2025-06-25
930,Louis,Johnson,Budget,8,4,5663.76,1415.94,2023-01-02,2024-09-13
236,Kathryn,Weaver,Regular,6,9,5633.91,625.99,2023-01-29,2025-04-24
11,Joshua,Wright,Regular,1,7,5623.59,803.37,2023-05-15,2025-06-09
238,Jacob,Baker,Enterprise,5,3,5622.74,1874.25,2023-02-26,2024-10-27
102,David,Rhodes,Regular,1,8,5611.04,701.38,2023-10-20,2025-01-03
158,Melinda,Acosta,Regular,10,7,5607.37,801.05,2023-04-02,2025-05-28
44,Jennifer,Collins,Premium,3,13,5594.09,430.31,2023-02-07,2025-04-05
535,Ruben,Bradley,Regular,1,5,5575.78,1115.16,2023-04-04,2025-06-20
108,Jose,Ward,Regular,1,10,5553.49,555.35,2023-07-07,2025-05-22
159,Beverly,Wagner,Regular,1,7,5532.06,790.29,2023-02-10,2025-05-23
383,Tammy,Savage,Regular,1,7,5519.6,788.51,2023-04-07,2025-05-16
911,Evan,Black,Budget,2,11,5508.22,500.75,2023-05-19,2025-06-24
438,Charles,Neal,Regular,2,11,5503.94,500.36,2023-01-09,2025-04-20
395,Jason,Hunt,Regular,1,5,5489.18,1097.84,2023-02-26,2024-05-11
544,Sabrina,Cruz,Premium,1,6,5488.54,914.76,2023-01-15,2024-11-02
422,Richard,Mckenzie,Budget,10,8,5476.34,684.54,2023-05-04,2025-06-18
769,Melissa,Harrison,Regular,9,6,5451.69,908.62,2023-03-11,2025-01-21
186,Jessica,Walker,Regular,2,6,5435.66,905.94,2023-01-31,2025-05-17
647,Adam,Johnson,Regular,3,9,5430.71,603.41,2023-09-13,2024-12-01
764,Carl,Tyler,Premium,2,6,5411.82,901.97,2023-01-15,2024-10-22
830,Jessica,Gonzalez,Regular,6,7,5411.05,773.01,2023-08-05,2025-04-08
971,Linda,Padilla,Premium,1,8,5397.57,674.7,2023-02-12,2024-03-12
948,Morgan,Moss,Enterprise,1,15,5371.63,358.11,2023-05-07,2025-01-08
975,Ross,Hunter,Premium,5,8,5358.46,669.81,2023-01-17,2024-03-13
872,Ricky,Morgan,Budget,1,5,5307.45,1061.49,2023-09-06,2025-06-23
566,Carlos,Johnson,Regular,2,6,5260.27,876.71,2023-02-20,2025-01-24
473,Heather,Mills,Budget,1,3,5259.81,1753.27,2023-02-23,2024-01-26
338,Mary,Harper,Enterprise,2,6,5253.4,875.57,2023-01-04,2025-05-19
563,Steven,Li,Regular,1,6,5245.43,874.24,2023-02-04,2024-10-06
636,Michael,Ellis,Regular,3,4,5243.44,1310.86,2023-01-25,2024-10-16
453,Catherine,Blackburn,Budget,2,5,5205.64,1041.13,2023-05-13,2024-10-19
857,Christopher,Boyd,Budget,1,4,5202.95,1300.74,2024-01-26,2025-05-02
237,Alicia,Henderson,Enterprise,9,6,5180.64,863.44,2023-01-26,2025-02-23
871,Patricia,Chapman,Budget,5,3,5172.22,1724.07,2024-07-22,2025-03-31
794,Heidi,Wagner,Regular,1,10,5159.65,515.96,2023-09-13,2025-04-22
877,Christopher,Mclean,Regular,4,6,5156.49,859.42,2023-04-17,2024-11-20
952,Lisa,Lopez,Enterprise,5,9,5153.26,572.58,2023-02-10,2025-04-15
805,Mary,Walker,Regular,3,2,5148.7,2574.35,2023-09-08,2025-03-18
448,Jessica,Collins,Regular,3,8,5128.57,641.07,2023-02-13,2025-01-20
554,Tommy,Brown,Budget,1,6,5080.55,846.76,2023-10-09,2025-03-10
375,Angela,Livingston,Budget,2,6,5079.03,846.51,2023-02-06,2025-03-25
701,Savannah,Rodriguez,Regular,1,7,5069.19,724.17,2023-07-08,2025-05-12
322,Robert,Burgess,Regular,8,8,5064.92,633.12,2023-02-18,2025-06-19
405,Erika,Brown,Regular,1,6,5046.42,841.07,2023-04-14,2025-05-23
515,Michael,Mitchell,Regular,2,7,5043.98,720.57,2023-08-26,2025-06-05
667,Shawn,Norman,Regular,8,8,5039.88,629.98,2023-01-30,2025-04-23
740,Nicole,Brown,Regular,5,6,5030.65,838.44,2023-08-01,2024-08-30
209,Steven,Pineda,Budget,5,5,5015.71,1003.14,2024-04-08,2025-04-30
893,Rachel,Castillo,Budget,4,9,5014.85,557.21,2023-05-03,2025-06-08
613,Sarah,Hill,Budget,10,10,5003.69,500.37,2023-04-06,2025-04-19
267,Thomas,Rivera,Regular,4,10,4987.84,498.78,2023-03-10,2025-04-04
160,Charles,Harris,Enterprise,3,8,4983.32,622.92,2023-04-11,2025-03-29
689,Joy,Mullins,Regular,2,14,4982.26,355.88,2023-01-01,2025-01-20
672,Adrian,Lara,Regular,8,10,4967.82,496.78,2023-04-14,2025-04-25
610,Benjamin,Coleman,Regular,1,12,4965.73,413.81,2023-02-10,2025-03-23
485,Warren,Mclean,Regular,9,9,4960.38,551.15,2023-02-15,2024-11-26
681,Heather,Osborn,Premium,1,5,4951.25,990.25,2023-03-21,2025-02-02
296,Kyle,Sullivan,Premium,1,10,4950.86,495.09,2024-01-09,2025-04-05
505,Steven,Conley,Regular,1,11,4933.18,448.47,2023-01-04,2025-06-21
654,Jeremy,Love,Regular,4,8,4917.14,614.64,2023-01-05,2025-03-11
663,Sandra,Rodriguez,Premium,1,8,4873.21,609.15,2023-03-28,2024-10-04
225,Gary,Jennings,Enterprise,4,4,4872.2,1218.05,2023-07-05,2025-02-03
138,Daniel,Lambert,Premium,5,5,4871.38,974.28,2023-05-06,2025-06-02
529,Kenneth,Nichols,Enterprise,1,5,4858.35,971.67,2023-11-22,2024-12-31
600,Sydney,Prince,Budget,3,6,4852.57,808.76,2023-08-01,2025-06-01
508,Joseph,Davis,Premium,1,11,4830.12,439.1,2023-05-14,2025-03-31
580,Michele,Hurley,Budget,1,5,4811.01,962.2,2023-06-02,2025-06-06
144,Maria,Juarez,Regular,1,3,4808.65,1602.88,2023-01-25,2024-08-13
389,Craig,Perry,Premium,1,9,4804.94,533.88,2023-04-14,2024-10-25
341,William,Johnston,Budget,7,4,4793.13,1198.28,2023-03-30,2024-10-29
734,Matthew,Brooks,Regular,1,3,4723.62,1574.54,2023-02-06,2025-04-16
622,Steven,Wiley,Budget,3,6,4719.7,786.62,2023-02-12,2024-01-18
181,James,Whitaker,Enterprise,7,3,4715.23,1571.74,2023-05-04,2024-01-28
431,Shannon,Hansen,Budget,3,6,4693.8,782.3,2023-02-15,2025-02-15
221,Tina,Nguyen,Enterprise,1,8,4682.83,585.35,2023-01-10,2025-02-12
755,Jessica,Robles,Regular,2,4,4679.01,1169.75,2023-05-11,2025-04-15
640,Sarah,Smith,Regular,5,5,4678.87,935.77,2024-02-11,2025-01-18
344,Sandra,Mendoza,Regular,1,4,4671.78,1167.95,2023-04-20,2024-04-10
370,Richard,Patterson,Regular,4,5,4642.59,928.52,2023-08-03,2025-01-07
522,Michael,Farley,Regular,3,8,4614.07,576.76,2023-03-31,2025-02-15
950,Theresa,Galloway,Regular,1,6,4603.72,767.29,2023-05-06,2024-10-13
31,Shelly,Gonzalez,Regular,3,7,4601.3,657.33,2023-02-22,2025-03-18
169,Debra,Thompson,Budget,4,3,4599.31,1533.1,2023-12-15,2025-01-18
707,Nicole,Henderson,Regular,6,6,4595.3,765.88,2023-04-15,2025-06-08
290,Kendra,Lambert,Regular,6,6,4594.54,765.76,2023-03-30,2024-10-27
686,Craig,Shaffer,Budget,10,5,4580.37,916.07,2023-02-25,2024-10-17
230,Eugene,Oconnell,Budget,5,8,4579.98,572.5,2023-02-16,2025-05-03
100,James,Alexander,Regular,4,4,4549.61,1137.4,2024-01-06,2024-10-24
143,Kristen,Li,Budget,5,5,4547.45,909.49,2023-05-11,2025-03-25
134,Tammy,Rivera,Regular,5,2,4540.97,2270.48,2023-05-29,2023-08-30
621,Ann,Wilson,Regular,10,6,4509.18,751.53,2023-04-15,2025-01-11
955,Craig,Mendez,Regular,6,8,4504.59,563.07,2023-01-23,2024-10-31
673,Anne,Anderson,Regular,1,3,4494.16,1498.05,2023-05-25,2025-05-13
211,Felicia,Flores,Budget,4,10,4494.14,449.41,2023-02-04,2025-02-08
285,Daniel,Cook,Budget,4,8,4493.06,561.63,2023-02-17,2024-12-29
188,Pamela,Mason,Regular,2,8,4483.83,560.48,2023-07-18,2025-04-03
172,Jose,Garcia,Regular,4,1,4471.47,4471.47,2024-01-16,2024-01-16
757,Shirley,Stanley,Regular,3,5,4447.24,889.45,2023-10-13,2025-01-13
166,Craig,Sandoval,Budget,10,9,4431.71,492.41,2023-08-18,2025-02-16
843,Rickey,Moore,Premium,1,3,4421.64,1473.88,2023-07-04,2023-12-06
735,Rachel,Sheppard,Budget,1,4,4420.86,1105.21,2023-04-22,2025-02-19
362,Erik,Taylor,Regular,1,9,4418.02,490.89,2023-07-04,2025-02-26
570,David,Hall,Regular,9,8,4415.92,551.99,2023-01-29,2025-03-11
212,Jason,Soto,Budget,2,4,4407.16,1101.79,2023-12-18,2025-03-06
717,Henry,Ramos,Regular,4,13,4405.42,338.88,2023-04-07,2025-06-11
37,Taylor,Alexander,Budget,8,4,4401.07,1100.27,2023-08-13,2025-04-07
195,Rebecca,Newman,Budget,3,7,4400.66,628.67,2023-01-09,2025-04-13
469,Kimberly,Esparza,Budget,1,2,4390.82,2195.41,2024-01-21,2024-10-15
750,Jessica,Hernandez,Budget,6,6,4388.9,731.48,2023-03-29,2025-04-29
416,Lorraine,Stone,Regular,2,4,4382.15,1095.54,2023-05-27,2025-01-22
399,Stanley,Johnson,Regular,3,7,4363.42,623.35,2023-04-15,2025-02-28
139,Lawrence,Allen,Premium,7,6,4291.12,715.19,2023-03-01,2024-12-23
756,Katelyn,Turner,Enterprise,1,6,4282.18,713.7,2023-01-06,2025-03-11
28,Paul,Caldwell,Regular,9,4,4273.31,1068.33,2023-04-03,2025-02-22
787,Steven,Marshall,Regular,10,7,4252.04,607.43,2023-01-30,2025-05-07
284,Lauren,Duarte,Regular,7,4,4251.44,1062.86,2023-11-20,2025-02-04
989,Jon,Gonzalez,Regular,4,6,4239.5,706.58,2023-08-19,2024-08-17
723,William,Hendrix,Regular,1,4,4213.55,1053.39,2023-03-31,2024-01-18
75,James,Cooke,Enterprise,1,12,4213.0,351.08,2023-03-04,2025-05-31
360,Barbara,Lewis,Regular,3,9,4192.03,465.78,2023-03-05,2025-03-25
316,Jacqueline,Anderson,Regular,1,9,4159.66,462.18,2023-04-19,2025-04-23
766,Elizabeth,Hodge,Budget,5,9,4156.93,461.88,2023-01-07,2025-05-30
218,Kim,Tucker,Regular,3,9,4151.28,461.25,2023-04-11,2025-03-17
259,Andrea,Shea,Regular,1,8,4151.11,518.89,2023-02-20,2024-12-30
464,Randall,Medina,Budget,6,3,4125.34,1375.11,2024-09-02,2025-06-21
99,Emily,Whitney,Regular,1,5,4122.86,824.57,2023-08-15,2025-06-09
691,Christine,Jones,Premium,9,2,4120.5,2060.25,2023-03-09,2025-01-08
112,Robert,Mack,Budget,5,3,4116.77,1372.26,2023-03-26,2025-01-14
567,Scott,Brooks,Regular,7,4,4110.61,1027.65,2023-10-14,2025-04-29
551,Kevin,Cook,Regular,6,7,4077.2,582.46,2023-02-04,2024-10-23
851,John,Hill,Regular,5,5,4067.21,813.44,2023-07-30,2025-06-15
191,Stacy,Bryant,Regular,6,6,4058.02,676.34,2023-06-11,2025-03-12
42,Howard,Richards,Regular,3,6,4056.83,676.14,2023-04-21,2024-12-14
842,Connie,Green,Regular,6,7,4035.21,576.46,2023-05-13,2025-05-17
408,Aaron,Mahoney,Budget,2,5,4033.79,806.76,2023-02-28,2025-02-05
538,Shawn,Guzman,Regular,2,4,4033.07,1008.27,2023-03-18,2024-07-20
527,Peter,Chandler,Premium,1,5,4016.48,803.3,2024-05-02,2025-04-01
145,Cynthia,Terry,Regular,2,6,4005.52,667.59,2023-06-01,2025-04-09
364,Kerri,Edwards,Regular,3,6,3986.63,664.44,2023-04-13,2024-07-12
838,Travis,Kent,Regular,3,4,3983.01,995.75,2023-02-15,2025-03-14
301,Sara,Johnston,Regular,4,6,3979.41,663.24,2023-01-12,2025-05-25
820,Dean,Robinson,Budget,1,5,3948.76,789.75,2023-01-15,2024-06-08
125,Rachel,Elliott,Regular,3,7,3941.3,563.04,2023-07-04,2025-02-21
598,Theodore,Washington,Enterprise,5,5,3935.27,787.05,2023-03-15,2025-05-22
916,Lori,Hart,Budget,2,6,3921.56,653.59,2023-01-17,2024-12-25
40,Danny,Walker,Premium,3,6,3918.49,653.08,2023-04-02,2025-03-25
626,Karen,Gonzales,Regular,1,6,3889.55,648.26,2023-04-29,2025-06-03
531,Troy,Ward,Regular,1,11,3874.94,352.27,2023-03-05,2025-06-16
394,Rachel,Bishop,Budget,2,6,3871.9,645.32,2023-07-02,2024-12-09
215,David,Smith,Budget,1,6,3867.99,644.66,2023-02-01,2025-01-23
517,Richard,Brown,Budget,8,5,3834.41,766.88,2023-03-03,2025-05-09
748,Sarah,Turner,Regular,2,8,3819.85,477.48,2023-03-23,2024-10-15
987,Johnathan,Ramirez,Regular,1,7,3815.67,545.1,2023-02-23,2024-10-09
477,Brianna,Roman,Premium,1,4,3804.21,951.05,2023-12-01,2025-02-11
96,Dennis,Baker,Regular,2,6,3797.92,632.99,2023-04-11,2024-06-28
425,Samantha,Hines,Regular,3,7,3797.15,542.45,2023-03-12,2025-04-11
973,Rebecca,Reed,Premium,5,8,3777.36,472.17,2023-03-17,2025-01-02
927,Joshua,Payne,Regular,4,4,3767.83,941.96,2024-07-30,2025-06-10
953,Robert,Potter,Regular,1,7,3761.23,537.32,2023-03-05,2024-06-12
849,John,Bennett,Enterprise,6,6,3757.0,626.17,2023-08-04,2025-06-03
653,Judith,Cox,Budget,1,8,3750.77,468.85,2023-01-11,2025-03-08
571,Christine,Gardner,Enterprise,6,4,3738.91,934.73,2023-03-13,2024-10-02
925,Tony,Craig,Regular,3,4,3738.37,934.59,2023-08-09,2024-05-08
116,Ivan,Medina,Regular,1,9,3728.02,414.22,2023-03-11,2024-11-22
332,Jaime,Johnson,Budget,2,4,3711.43,927.86,2023-04-27,2025-03-25
996,Michelle,Osborne,Premium,8,3,3688.66,1229.55,2023-02-25,2024-11-11
795,Eric,Kennedy,Enterprise,3,5,3682.39,736.48,2023-09-10,2025-04-28
974,Jeanette,Lawrence,Budget,3,5,3680.89,736.18,2023-05-12,2024-11-05
272,Jessica,Cannon,Regular,2,9,3680.66,408.96,2024-02-25,2025-05-28
767,Brad,Flores,Regular,2,4,3670.96,917.74,2023-11-09,2025-04-16
780,Jonathan,Perez,Budget,1,5,3637.66,727.53,2023-01-12,2025-05-31
65,Matthew,Wood,Budget,1,3,3633.61,1211.2,2023-12-19,2025-03-14
52,Kristina,Johnson,Regular,7,9,3629.14,403.24,2023-06-07,2025-02-18
137,Anthony,Mendez,Budget,9,4,3626.17,906.54,2023-04-21,2024-11-07
245,Alexandra,Fowler,Premium,2,6,3621.39,603.56,2023-11-13,2025-06-04
150,Melanie,Barrett,Premium,1,6,3614.96,602.49,2023-03-18,2025-06-20
620,Robert,Contreras,Regular,4,6,3607.5,601.25,2023-10-23,2025-03-09
87,Raymond,Banks,Regular,9,5,3603.17,720.63,2023-01-13,2025-02-09
940,Nancy,Thompson,Enterprise,1,7,3601.49,514.5,2023-05-06,2025-02-09
645,Mark,Wright,Regular,2,5,3595.46,719.09,2023-01-29,2024-12-15
840,Nicholas,Martinez,Regular,1,7,3589.18,512.74,2023-01-23,2024-10-30
366,Danielle,Haynes,Premium,7,6,3582.31,597.05,2023-04-22,2024-11-01
534,Gloria,Clay,Regular,4,6,3580.17,596.7,2023-01-10,2024-08-10
415,Tiffany,Coleman,Enterprise,9,6,3577.13,596.19,2023-04-29,2024-08-15
614,Laura,Matthews,Regular,2,6,3575.97,596.0,2023-02-25,2024-10-22
783,Jennifer,Hernandez,Regular,4,5,3553.12,710.62,2023-06-04,2025-01-04
136,Melinda,Wong,Regular,1,4,3547.14,886.78,2023-04-05,2024-12-28
114,Craig,Johnson,Budget,1,8,3540.72,442.59,2023-02-21,2025-06-01
633,Kristen,Pollard,Budget,3,4,3511.33,877.83,2023-09-14,2025-03-03
261,Benjamin,Kelly,Budget,5,5,3505.03,701.01,2023-08-08,2025-06-13
59,Joseph,Martinez,Budget,1,6,3498.43,583.07,2023-05-27,2024-12-27
283,Sara,Mendez,Regular,5,1,3493.29,3493.29,2024-04-25,2024-04-25
713,Deborah,Bartlett,Regular,2,5,3480.25,696.05,2023-05-16,2025-06-16
39,Donna,Moore,Premium,3,10,3470.9,347.09,2023-01-24,2025-03-03
993,Kevin,Munoz,Regular,4,6,3464.79,577.46,2023-04-27,2025-05-26
926,Selena,Patterson,Regular,4,4,3461.6,865.4,2023-04-29,2025-01-14
214,Juan,Mcintosh,Budget,8,5,3452.58,690.52,2023-02-19,2025-05-29
659,Gail,Pennington,Premium,3,4,3424.64,856.16,2023-08-02,2025-04-17
970,Rachel,Nguyen,Regular,2,6,3421.54,570.26,2023-11-20,2025-05-20
97,David,Davis,Enterprise,1,7,3409.82,487.12,2023-09-26,2025-04-19
387,Jennifer,Rice,Enterprise,7,4,3407.95,851.99,2023-03-30,2025-01-16
729,Diana,Donaldson,Enterprise,7,3,3396.31,1132.1,2023-06-01,2025-03-01
859,Raymond,Wilson,Budget,9,7,3383.23,483.32,2023-01-22,2025-05-26
32,Melissa,Short,Regular,3,6,3370.95,561.83,2023-09-27,2025-02-26
57,Stacy,Holloway,Regular,3,4,3368.19,842.05,2023-06-27,2024-11-01
62,Christopher,Davis,Budget,1,6,3362.5,560.42,2023-11-27,2025-06-15
816,Joseph,Williams,Regular,3,5,3338.27,667.65,2023-06-20,2025-05-10
146,Allen,Noble,Budget,7,6,3333.08,555.51,2023-08-21,2024-10-30
634,Steve,Williams,Premium,8,4,3320.71,830.18,2023-11-05,2024-05-05
683,Brittany,Wright,Regular,7,4,3316.37,829.09,2023-02-02,2025-06-01
503,Duane,Morris,Regular,1,4,3312.36,828.09,2023-04-24,2025-06-08
986,Martin,Macias,Regular,6,5,3311.64,662.33,2023-01-02,2024-02-12
363,Emily,Blackwell,Premium,1,6,3301.76,550.29,2023-05-24,2024-12-20
763,Christopher,Rich,Regular,1,2,3292.97,1646.48,2023-01-25,2023-06-28
79,Sarah,Combs,Regular,6,6,3291.22,548.54,2023-03-14,2025-05-30
602,Kyle,Ortiz,Regular,1,4,3282.17,820.54,2023-06-20,2024-11-03
254,Kenneth,Baker,Premium,6,4,3266.32,816.58,2024-06-02,2025-06-25
839,Kristina,Edwards,Regular,6,8,3257.29,407.16,2023-05-12,2025-06-23
934,Craig,Riley,Budget,1,4,3246.39,811.6,2023-02-10,2024-04-26
69,Julie,Walker,Premium,1,5,3243.12,648.62,2023-03-28,2025-01-25
376,Vanessa,Hoffman,Budget,1,3,3234.97,1078.32,2024-08-03,2024-11-28
481,Willie,Farley,Premium,3,5,3232.05,646.41,2023-01-20,2025-05-27
255,Katie,Moore,Regular,1,1,3230.37,3230.37,2023-01-11,2023-01-11
349,David,Rodriguez,Budget,7,7,3228.01,461.14,2023-02-28,2024-06-27
798,Christina,Fox,Premium,1,3,3227.86,1075.95,2023-03-27,2024-10-29
335,Sarah,Moore,Regular,5,5,3227.7,645.54,2023-05-16,2025-05-09
244,John,Mitchell,Premium,2,4,3225.56,806.39,2023-11-20,2025-01-23
642,Angela,Henry,Premium,3,5,3223.3,644.66,2023-03-12,2024-09-28
398,Brianna,Stone,Regular,8,6,3193.83,532.3,2023-02-17,2025-06-10
804,Kayla,Simon,Budget,5,5,3167.09,633.42,2023-11-08,2025-04-21
520,Tammy,Kim,Budget,3,4,3159.34,789.84,2023-01-13,2025-06-22
317,Ronald,Cain,Regular,3,4,3152.02,788.01,2023-04-01,2023-06-18
875,Kari,Friedman,Regular,2,5,3144.02,628.8,2024-04-08,2025-05-20
170,Sharon,Taylor,Budget,1,8,3126.06,390.76,2023-03-04,2025-03-05
60,Melanie,Simmons,Regular,4,6,3124.0,520.67,2023-09-12,2024-05-19
506,Mary,Harrell,Regular,7,5,3105.69,621.14,2023-02-08,2024-05-15
201,Stephanie,Cox,Regular,4,4,3103.74,775.94,2023-03-03,2025-06-09
892,Brian,Rodgers,Regular,1,8,3096.98,387.12,2023-01-03,2025-04-09
164,Joshua,Griffin,Premium,7,7,3092.53,441.79,2023-05-16,2024-12-06
853,Eric,Bryant,Premium,9,6,3069.4,511.57,2023-04-13,2025-01-15
661,Marissa,Johnson,Budget,2,3,3066.29,1022.1,2023-10-19,2025-06-12
737,Susan,Harper,Regular,2,4,3062.96,765.74,2023-04-09,2024-04-07
418,Shawn,Marshall,Budget,2,5,3056.14,611.23,2023-02-03,2025-06-01
380,Sean,Hughes,Regular,2,4,3048.01,762.0,2023-11-25,2025-02-26
967,Eric,Hampton,Budget,7,5,3043.62,608.72,2023-02-02,2024-04-24
558,Christopher,Taylor,Regular,1,4,3036.3,759.08,2023-07-23,2024-05-03
260,Tonya,Larson,Budget,1,4,3035.6,758.9,2023-02-02,2024-09-29
310,Jonathan,Norman,Premium,2,6,3027.98,504.66,2023-05-02,2024-11-25
722,Erica,Rangel,Regular,3,3,3025.14,1008.38,2023-02-16,2024-07-05
695,Jennifer,Newman,Premium,1,4,3010.71,752.68,2023-03-28,2025-02-05
124,Dana,Warner,Regular,2,9,2998.56,333.17,2023-03-05,2024-10-07
657,Joseph,Patel,Regular,1,6,2979.45,496.58,2024-06-22,2025-06-08
511,Vincent,Edwards,Budget,6,5,2978.24,595.65,2023-01-25,2025-03-14
223,Timothy,Mendoza,Regular,4,5,2956.89,591.38,2023-03-23,2025-02-28
668,Kayla,Andrews,Regular,4,5,2956.31,591.26,2023-09-29,2025-01-06
401,Kimberly,Alvarez,Regular,4,3,2952.73,984.24,2023-07-14,2025-06-26
991,Christine,Myers,Regular,2,10,2941.85,294.19,2023-01-10,2025-05-21
682,Taylor,Taylor,Regular,3,3,2932.96,977.65,2023-06-25,2025-01-29
224,Gabriel,Nielsen,Regular,1,5,2927.35,585.47,2024-02-27,2025-05-29
263,Wayne,Walker,Regular,6,7,2921.4,417.34,2023-02-04,2025-05-04
958,Alexis,Levine,Premium,1,5,2915.04,583.01,2023-02-06,2024-01-03
588,Denise,Jacobs,Regular,6,4,2914.76,728.69,2023-01-13,2024-10-12
157,Miguel,Carter,Regular,1,8,2910.61,363.83,2023-11-20,2025-03-02
504,Christopher,Espinoza,Regular,3,5,2908.98,581.8,2023-01-23,2025-03-21
410,Adam,Smith,Regular,2,3,2906.05,968.68,2023-03-29,2024-06-25
771,James,Parks,Enterprise,3,7,2903.28,414.75,2023-02-18,2024-11-17
909,David,Jensen,Regular,3,7,2880.29,411.47,2023-01-11,2025-03-27
175,Mike,Griffin,Regular,2,6,2877.42,479.57,2023-10-01,2025-06-27
358,Tara,Harris,Budget,6,4,2875.2,718.8,2023-09-22,2024-12-06
883,Stefanie,Hansen,Regular,4,2,2869.12,1434.56,2024-03-09,2025-06-17
821,Donna,Becker,Regular,8,9,2868.05,318.67,2023-01-13,2025-06-13
121,Sierra,Barnett,Budget,2,10,2867.12,286.71,2023-01-17,2025-04-06
744,William,Calderon,Enterprise,5,7,2860.84,408.69,2023-02-21,2024-12-16
173,Brian,Rivera,Budget,5,4,2851.8,712.95,2023-02-09,2025-03-31
819,Jonathan,Jacobs,Budget,8,4,2850.78,712.7,2023-04-06,2025-05-18
353,Kathleen,Guerrero,Regular,1,6,2844.11,474.02,2023-03-08,2024-09-02
919,Lindsay,Jones,Regular,1,7,2842.57,406.08,2023-09-04,2025-04-18
33,John,Marshall,Regular,6,4,2839.89,709.97,2023-01-06,2024-10-22
981,Susan,Mclean,Premium,4,3,2839.17,946.39,2024-03-24,2025-04-17
178,Daniel,Hernandez,Enterprise,5,6,2838.86,473.14,2023-01-22,2024-04-19
437,Helen,Bowen,Premium,5,5,2838.22,567.64,2023-11-27,2024-08-10
559,Amy,Cunningham,Regular,7,6,2829.46,471.58,2024-03-07,2025-04-13
895,Mark,Thompson,Regular,4,6,2827.58,471.26,2023-06-13,2025-02-06
637,William,Swanson,Regular,8,4,2827.25,706.81,2023-04-16,2024-10-07
4,Linda,Morales,Regular,1,3,2817.41,939.14,2023-05-25,2024-12-14
641,Julie,Moreno,Premium,1,7,2804.87,400.7,2023-01-18,2025-03-04
651,Eddie,Smith,Regular,6,5,2775.42,555.08,2023-06-24,2025-06-18
294,Mark,Banks,Regular,1,3,2767.74,922.58,2023-04-01,2025-04-15
82,Julie,Kelly,Budget,2,3,2766.6,922.2,2023-02-07,2024-08-31
491,Shelly,Montgomery,Budget,10,4,2754.3,688.58,2023-04-29,2024-12-29
687,Brittany,Leon,Enterprise,6,7,2752.49,393.21,2023-01-31,2025-05-30
354,Scott,Johnson,Budget,1,2,2742.24,1371.12,2023-06-29,2025-03-04
132,Lisa,Long,Premium,9,4,2731.41,682.85,2023-04-17,2023-12-05
982,Gary,Williams,Regular,10,8,2721.38,340.17,2023-03-20,2025-03-30
180,Kim,Flores,Premium,2,5,2696.17,539.23,2023-01-11,2025-06-06
43,Tara,Powell,Regular,5,3,2693.4,897.8,2023-08-29,2025-05-11
414,Tyler,Holmes,Regular,3,8,2668.86,333.61,2023-01-23,2025-06-17
824,Hannah,Nelson,Regular,5,4,2662.99,665.75,2024-12-22,2025-06-26
855,John,Roy,Budget,1,4,2662.0,665.5,2023-04-20,2024-03-24
960,Joseph,Martin,Budget,1,9,2661.3,295.7,2023-01-04,2025-03-05
896,Angela,Parker,Budget,2,3,2657.45,885.82,2023-03-19,2024-11-18
372,Brandi,Holland,Regular,2,4,2643.13,660.78,2023-01-20,2025-05-05
287,Matthew,Brooks,Premium,6,7,2635.47,376.5,2023-02-02,2025-02-28
110,Franklin,Bond,Budget,3,3,2621.71,873.9,2023-07-03,2025-06-19
331,Joshua,Terry,Budget,1,2,2606.86,1303.43,2023-03-17,2024-02-16
860,Mary,Pollard,Regular,2,4,2601.16,650.29,2023-01-30,2024-08-23
326,Amanda,Mendoza,Budget,7,7,2583.1,369.01,2023-06-28,2025-03-22
216,Melissa,Randolph,Premium,5,4,2580.04,645.01,2023-08-23,2025-06-06
856,Justin,White,Budget,7,2,2576.58,1288.29,2023-05-14,2025-03-28
813,John,Herrera,Enterprise,3,4,2572.2,643.05,2023-01-04,2025-02-11
176,Loretta,Barnes,Regular,7,4,2555.58,638.9,2023-03-11,2024-11-06
754,Makayla,Sanders,Budget,2,5,2549.16,509.83,2023-03-02,2025-06-20
94,Shannon,Thomas,Budget,2,5,2547.07,509.41,2023-01-31,2024-04-08
276,Kelly,Ellison,Budget,2,5,2544.02,508.8,2023-01-02,2025-04-06
562,Ryan,Fields,Regular,1,3,2536.26,845.42,2023-04-22,2023-11-29
16,Joseph,Preston,Budget,4,5,2533.74,506.75,2023-07-03,2025-03-12
539,Deanna,Jones,Regular,1,6,2518.33,419.72,2023-01-09,2024-10-24
329,Devon,Rogers,Premium,1,6,2510.76,418.46,2023-01-27,2025-06-14
521,Abigail,Smith,Regular,1,5,2501.43,500.29,2023-01-13,2025-01-08
675,Eric,Smith,Budget,1,9,2497.32,277.48,2023-01-30,2025-05-09
913,Michael,Villarreal,Enterprise,6,7,2475.33,353.62,2023-09-29,2025-03-09
18,Rachel,Flynn,Enterprise,1,5,2465.78,493.16,2023-10-07,2024-10-20
793,Jeremy,Johnson,Premium,7,4,2463.52,615.88,2023-10-21,2025-02-26
751,Sylvia,Lopez,Premium,3,3,2461.38,820.46,2023-01-09,2025-06-09
702,Donald,Horne,Budget,4,4,2446.08,611.52,2023-12-13,2024-06-10
270,Natasha,Zamora,Regular,5,2,2438.09,1219.04,2024-04-29,2025-03-05
235,Lee,Robinson,Budget,7,7,2423.25,346.18,2023-05-29,2025-01-16
625,Donald,Willis,Budget,2,5,2417.9,483.58,2023-01-14,2025-06-30
441,Christopher,Fisher,Regular,4,4,2400.81,600.2,2024-02-07,2025-02-20
25,Elizabeth,Travis,Budget,3,5,2396.38,479.28,2024-03-25,2025-04-17
593,Katherine,Mckay,Regular,6,4,2386.3,596.58,2023-05-27,2025-06-27
471,Caleb,Hood,Regular,8,3,2379.15,793.05,2024-05-13,2024-11-14
591,Charles,Mccall,Budget,6,4,2376.83,594.21,2023-03-20,2025-06-20
638,Ashley,Lewis,Regular,7,5,2373.55,474.71,2023-04-29,2025-03-03
382,Robert,Marshall,Regular,1,4,2360.94,590.24,2023-12-09,2025-01-14
866,Andrew,Lindsey,Regular,5,4,2352.89,588.22,2023-06-02,2024-12-05
426,William,Potter,Regular,2,4,2351.9,587.97,2023-11-23,2025-02-22
83,Lisa,Brown,Budget,6,6,2351.09,391.85,2023-07-25,2025-05-26
233,Bailey,Green,Regular,1,6,2345.74,390.96,2023-04-03,2025-06-23
939,Renee,Christian,Regular,1,5,2331.85,466.37,2023-01-12,2025-04-24
161,Lindsey,Torres,Budget,5,4,2330.9,582.72,2023-08-23,2024-09-06
5,Jeffrey,Bright,Premium,4,2,2325.9,1162.95,2023-02-10,2025-03-15
829,Craig,Gordon,Regular,6,6,2324.95,387.49,2023-04-10,2024-05-31
803,Crystal,Dawson,Enterprise,1,5,2318.95,463.79,2023-11-28,2024-11-01
308,Lawrence,Smith,Regular,3,5,2297.75,459.55,2023-01-20,2025-05-13
17,Andrea,Patterson,Premium,6,3,2288.54,762.85,2023-07-04,2025-06-06
660,Nathan,Torres,Enterprise,1,3,2249.84,749.95,2023-08-12,2025-05-22
998,Gregory,Mitchell,Regular,5,3,2234.55,744.85,2023-03-08,2024-09-02
327,Tiffany,Ford,Regular,4,4,2224.39,556.1,2023-06-06,2025-05-23
627,Kim,Finley,Budget,1,7,2203.92,314.85,2023-11-19,2025-05-27
850,Cassandra,Stokes,Regular,2,7,2175.42,310.77,2023-01-12,2025-04-12
791,Stephanie,Lee,Budget,6,4,2171.68,542.92,2023-09-12,2025-04-29
670,Vickie,Hall,Regular,3,4,2167.63,541.91,2023-04-13,2025-03-13
725,Andrea,Burns,Regular,4,4,2159.3,539.83,2023-10-22,2024-06-29
200,Sergio,Wilson,Regular,3,8,2151.24,268.9,2023-09-12,2025-05-23
739,Brian,Nguyen,Budget,2,3,2149.51,716.5,2025-02-01,2025-06-05
304,Todd,Martinez,Budget,5,5,2147.72,429.54,2023-01-14,2024-07-19
605,Andrew,Newton,Regular,1,4,2143.82,535.95,2023-07-13,2024-12-01
120,Noah,Whitaker,Regular,7,5,2134.87,426.97,2023-05-23,2024-05-23
669,Jamie,White,Regular,1,4,2130.56,532.64,2024-10-22,2025-06-07
658,Kathleen,Chambers,Regular,7,2,2130.06,1065.03,2025-01-16,2025-06-30
889,Brenda,Johns,Budget,1,4,2109.75,527.44,2023-07-15,2024-12-26
162,Angela,Pierce,Regular,7,4,2106.36,526.59,2023-04-15,2025-04-26
908,Ronald,Garza,Budget,1,2,2100.61,1050.3,2025-01-15,2025-04-27
269,Jacob,Mason,Budget,5,4,2097.43,524.36,2023-12-28,2025-06-03
371,Ryan,Clark,Regular,1,3,2087.61,695.87,2023-02-25,2025-02-03
609,Amy,Edwards,Regular,2,3,2080.49,693.5,2024-03-29,2024-08-08
556,Roberto,Rasmussen,Premium,2,4,2068.47,517.12,2023-01-07,2025-05-11
579,Donna,Johnson,Regular,5,4,2067.07,516.77,2024-02-21,2025-03-14
788,Michael,Hunt,Budget,6,2,2066.13,1033.06,2023-08-01,2025-02-06
130,Joseph,Thomas,Enterprise,1,4,2065.37,516.34,2023-03-11,2025-03-23
956,Paul,Stevens,Regular,1,4,2051.39,512.85,2023-01-20,2024-05-12
828,Dawn,Wu,Regular,2,4,2039.22,509.8,2023-06-24,2025-01-25
47,Alexis,Thomas,Regular,6,5,2024.73,404.95,2023-03-12,2024-12-18
874,Alexis,Rogers,Budget,3,4,2023.4,505.85,2023-12-09,2025-05-17
9,Adrian,Zimmerman,Regular,10,6,2022.72,337.12,2023-02-16,2024-04-30
417,Bryan,Lang,Regular,4,3,2016.18,672.06,2023-11-22,2025-05-08
345,Chris,Hampton,Enterprise,2,2,2015.72,1007.86,2025-01-28,2025-01-29
297,Jamie,Rich,Regular,8,7,2008.94,286.99,2023-02-28,2025-03-15
252,John,Porter,Budget,1,5,1999.6,399.92,2024-05-14,2025-03-04
762,Donald,Yang,Regular,1,6,1995.43,332.57,2023-07-31,2025-05-13
342,Katie,White,Regular,8,3,1975.51,658.5,2023-05-15,2024-03-12
692,Yvonne,Ramos,Budget,1,4,1969.14,492.28,2023-06-25,2025-01-15
403,Dominique,Schmidt,Budget,4,4,1954.5,488.62,2023-12-17,2024-12-02
101,Amy,Lowe,Budget,3,4,1950.08,487.52,2023-02-24,2025-06-16
845,William,Choi,Premium,1,4,1946.84,486.71,2023-12-31,2024-05-23
547,Erin,Lucas,Budget,2,3,1929.21,643.07,2024-02-09,2025-05-14
275,Shannon,Wilcox,Regular,4,6,1926.42,321.07,2023-02-07,2024-09-09
456,Karen,Lamb,Enterprise,5,3,1923.8,641.27,2023-03-29,2024-07-08
959,Kelly,Davis,Budget,3,3,1923.27,641.09,2023-06-26,2024-04-15
23,Justin,Beck,Regular,1,4,1909.73,477.43,2025-01-15,2025-04-15
264,Thomas,Mcgee,Regular,9,2,1907.09,953.54,2023-08-27,2024-06-03
823,Shannon,Barker,Regular,4,7,1887.28,269.61,2023-04-20,2025-06-04
202,Brandon,Martin,Regular,3,5,1867.32,373.46,2023-01-11,2024-10-20
931,Michelle,Murray,Premium,1,3,1850.13,616.71,2023-01-04,2023-06-30
282,Dennis,Neal,Regular,8,4,1841.85,460.46,2023-09-17,2025-06-14
586,Nicholas,Aguilar,Enterprise,3,5,1838.98,367.8,2023-04-03,2024-07-31
86,Douglas,Lawson,Regular,1,6,1832.69,305.45,2023-06-03,2025-01-28
603,April,Cox,Regular,2,4,1823.13,455.78,2023-12-01,2025-02-04
232,Theresa,Miller,Budget,2,6,1822.73,303.79,2023-03-18,2025-03-15
38,Victoria,Wilson,Regular,2,2,1814.52,907.26,2025-03-26,2025-04-03
498,Nicholas,Smith,Regular,1,2,1809.59,904.8,2024-05-17,2024-08-08
22,Elizabeth,Gray,Regular,1,5,1804.98,361.0,2023-02-16,2025-03-03
109,Jacqueline,Durham,Regular,3,3,1798.84,599.61,2023-01-12,2024-11-10
493,Anna,Myers,Budget,1,3,1796.18,598.73,2023-05-26,2025-04-09
546,Brian,Nelson,Budget,3,4,1795.7,448.93,2023-03-05,2024-04-23
978,Nicholas,Charles,Regular,8,4,1792.56,448.14,2023-10-29,2025-02-20
434,Veronica,Anderson,Enterprise,5,5,1784.73,356.95,2023-03-16,2024-12-28
942,Karen,Williams,Budget,1,4,1781.11,445.28,2023-12-27,2025-03-24
540,Anthony,Williams,Budget,10,4,1769.07,442.27,2023-03-13,2025-03-20
650,Nicole,Elliott,Regular,1,4,1764.41,441.1,2023-04-16,2025-04-25
103,Maria,Nelson,Budget,6,5,1761.71,352.34,2023-01-13,2024-11-28
228,Nicholas,Harris,Regular,3,7,1756.61,250.94,2023-07-16,2025-05-22
84,Michael,Norman,Regular,7,2,1752.47,876.24,2024-10-26,2025-02-10
704,Tyler,Hartman,Regular,1,3,1742.72,580.91,2023-05-16,2025-06-27
321,Justin,Hamilton,Budget,5,4,1741.9,435.48,2023-05-22,2024-12-02
577,Joshua,Harris,Regular,4,4,1738.55,434.64,2023-01-31,2024-12-19
303,Michael,Levine,Enterprise,1,3,1737.02,579.01,2024-02-11,2025-05-07
868,Melissa,Nolan,Regular,1,4,1716.21,429.05,2024-01-14,2025-02-07
894,Rachel,Spencer,Budget,5,2,1696.9,848.45,2023-04-18,2023-12-16
440,Jay,Johnson,Regular,6,2,1676.24,838.12,2024-01-22,2024-12-02
27,Perry,Carrillo,Regular,4,4,1664.97,416.24,2023-01-06,2024-05-09
61,Cory,Miles,Regular,3,5,1661.65,332.33,2023-08-09,2025-04-23
247,Jeffrey,Miller,Budget,9,2,1646.45,823.22,2023-04-16,2023-09-07
937,Melissa,Lopez,Regular,7,5,1642.29,328.46,2023-12-10,2025-04-23
863,Elizabeth,Palmer,Premium,10,3,1636.92,545.64,2023-11-16,2024-08-08
944,Shannon,Santana,Budget,3,6,1635.73,272.62,2024-01-27,2025-06-08
549,Garrett,Cook,Regular,1,4,1634.03,408.51,2023-06-29,2024-08-30
741,Karen,Compton,Enterprise,9,2,1623.49,811.74,2024-07-03,2024-10-13
643,Andrea,Bell,Budget,1,2,1620.95,810.48,2023-03-21,2023-07-23
14,Diane,Cunningham,Regular,9,4,1599.24,399.81,2023-05-16,2025-04-07
905,Edward,Mitchell,Regular,3,3,1598.94,532.98,2023-01-04,2025-02-01
712,Jennifer,Morris,Budget,8,7,1588.57,226.94,2023-01-16,2025-01-25
994,Amanda,Vasquez,Regular,2,3,1567.98,522.66,2023-06-12,2025-04-06
298,Jacqueline,Hoover,Premium,5,2,1566.0,783.0,2023-07-02,2023-07-31
968,Benjamin,Patterson,Premium,6,4,1550.36,387.59,2023-08-15,2024-06-12
302,Thomas,Harmon,Regular,2,4,1544.39,386.1,2023-09-24,2025-01-29
548,Jeffrey,Holloway,Regular,1,5,1540.03,308.01,2023-01-19,2025-02-14
809,Vincent,Conley,Regular,1,4,1536.81,384.2,2023-11-27,2024-08-11
607,Jeffrey,Hester,Regular,3,3,1531.02,510.34,2023-02-26,2023-10-14
483,Robert,Gentry,Premium,5,2,1528.94,764.47,2023-06-06,2025-03-31
407,Christopher,Fields,Regular,2,3,1528.42,509.47,2024-02-11,2024-10-21
886,Gregory,Reyes,Regular,1,4,1527.86,381.96,2024-03-10,2025-03-28
450,Nicholas,Obrien,Regular,1,3,1506.62,502.21,2023-10-29,2024-03-03
343,Matthew,Bartlett,Regular,1,4,1479.97,369.99,2023-05-18,2025-06-29
104,Thomas,Gonzalez,Regular,1,5,1451.84,290.37,2023-02-28,2024-09-08
879,Faith,Sparks,Budget,1,5,1437.15,287.43,2023-07-29,2025-04-23
639,Carol,Daugherty,Premium,4,4,1434.7,358.67,2023-05-24,2025-01-29
111,Emily,Parker,Budget,4,3,1433.19,477.73,2023-07-06,2024-02-04
941,Jill,Wilkerson,Regular,3,5,1424.35,284.87,2023-03-14,2024-11-08
951,Lisa,Smith,Regular,3,3,1412.53,470.84,2023-04-09,2024-08-31
995,Terri,Lopez,Regular,4,2,1411.2,705.6,2023-05-10,2025-05-07
459,Stephanie,Walton,Premium,8,2,1409.82,704.91,2024-10-22,2024-12-05
988,Tiffany,Hill,Regular,4,2,1406.3,703.15,2023-12-06,2025-02-11
206,Oscar,Brown,Enterprise,4,6,1406.06,234.34,2023-02-11,2025-06-04
983,Rebecca,Wilson,Budget,2,3,1404.86,468.29,2024-03-08,2024-11-06
984,Daniel,Rodriguez,Regular,8,4,1398.18,349.54,2024-03-14,2025-06-10
903,Bobby,Williamson,Regular,5,3,1396.43,465.48,2024-04-09,2024-11-13
565,Greg,Hernandez,Regular,1,4,1393.05,348.26,2023-01-17,2023-10-18
478,Jonathon,Parks,Premium,3,5,1392.54,278.51,2024-09-20,2025-01-24
847,Amy,Obrien,Regular,2,6,1391.7,231.95,2023-04-08,2025-06-30
727,Latasha,Hall,Regular,5,5,1389.38,277.88,2023-10-09,2025-03-04
424,John,Pacheco,Premium,3,4,1373.41,343.35,2023-05-12,2025-02-18
963,Christopher,Chaney,Regular,2,3,1361.83,453.94,2024-01-06,2025-06-02
1000,John,Merritt,Budget,6,3,1349.54,449.85,2023-08-28,2025-06-25
153,Christopher,Hamilton,Regular,5,6,1348.93,224.82,2023-03-08,2025-06-09
355,Thomas,Dickerson,Regular,10,3,1345.99,448.66,2023-02-18,2024-04-05
915,Ronald,Collins,Regular,2,4,1341.97,335.49,2023-09-10,2024-11-04
897,Henry,Griffin,Regular,2,2,1336.24,668.12,2023-03-01,2023-06-12
542,Aimee,Allen,Budget,1,6,1326.5,221.08,2023-02-07,2025-04-05
928,Roger,Hanson,Regular,4,7,1326.14,189.45,2023-01-10,2025-01-20
714,Dana,Thompson,Premium,1,5,1325.1,265.02,2023-04-19,2025-01-30
240,Anna,Bradley,Budget,3,3,1325.1,441.7,2023-04-11,2025-06-08
156,Marc,Butler,Regular,1,1,1323.23,1323.23,2025-05-11,2025-05-11
887,Savannah,Grant,Regular,5,4,1322.56,330.64,2023-02-04,2025-01-29
449,Scott,Wagner,Regular,5,5,1289.35,257.87,2023-05-19,2025-01-07
291,Audrey,Jackson,Budget,5,6,1278.79,213.13,2023-01-13,2023-10-02
318,John,Perkins,Regular,2,4,1263.99,316.0,2024-01-18,2024-09-08
107,Katherine,Thompson,Budget,4,3,1251.01,417.0,2024-04-17,2025-05-16
961,Kimberly,Martinez,Budget,1,3,1250.04,416.68,2023-02-04,2025-05-18
617,Neil,Fitzpatrick,Regular,1,2,1245.21,622.6,2023-10-03,2024-06-23
168,Matthew,Thompson,Enterprise,2,3,1245.1,415.03,2024-02-18,2025-02-12
312,Isabel,Conway,Budget,1,2,1240.83,620.42,2023-05-23,2023-06-30
131,Meagan,James,Budget,4,4,1239.88,309.97,2023-01-08,2025-01-30
388,Samuel,Romero,Premium,6,4,1239.25,309.81,2023-01-16,2024-10-18
165,Kimberly,Howard,Regular,1,3,1235.87,411.96,2023-10-26,2025-04-21
674,Michael,Buckley,Budget,3,4,1218.52,304.63,2023-05-28,2024-09-08
977,Jose,Osborne,Regular,3,3,1217.85,405.95,2024-02-21,2025-06-01
730,Jessica,Flores,Premium,1,3,1199.32,399.77,2023-01-20,2024-10-10
945,Laurie,Jones,Regular,1,4,1187.06,296.76,2023-03-11,2025-05-25
411,David,Wood,Regular,1,3,1170.45,390.15,2023-09-13,2024-07-28
688,Andrew,Bautista,Budget,3,3,1164.23,388.08,2024-03-14,2025-01-21
694,Michael,Schaefer,Regular,3,1,1160.77,1160.77,2024-02-28,2024-02-28
430,Thomas,Hunt,Budget,6,3,1157.12,385.71,2023-08-30,2024-10-20
311,Jeffery,Schneider,Premium,2,3,1110.03,370.01,2023-05-11,2024-01-18
581,Ashley,Johnson,Regular,4,4,1087.37,271.84,2024-02-21,2025-05-14
587,Donna,Meyer,Regular,7,4,1077.86,269.46,2023-01-21,2024-12-09
914,Sandra,Massey,Budget,5,5,1068.28,213.66,2023-02-12,2024-12-21
177,Brad,Miller,Regular,5,4,1033.72,258.43,2023-09-05,2024-09-25
835,Alicia,Davis,Premium,3,4,1020.47,255.12,2023-01-27,2025-04-16
106,Jessica,Wong,Regular,1,6,998.66,166.44,2023-10-12,2024-12-03
962,Margaret,Ramirez,Regular,4,5,995.33,199.07,2023-04-04,2025-04-04
357,Joseph,Dominguez,Regular,4,1,974.58,974.58,2024-05-23,2024-05-23
777,Ricky,Wallace,Premium,3,4,973.9,243.48,2023-06-01,2024-05-22
433,Anthony,Gonzalez,Budget,4,3,949.58,316.53,2023-12-15,2024-09-24
286,Steven,Olsen,Regular,2,5,946.27,189.25,2023-12-23,2025-06-30
185,Diana,Farley,Budget,2,4,936.97,234.24,2023-01-16,2025-05-03
72,Marc,Alvarez,Regular,7,5,936.59,187.32,2023-05-01,2025-06-20
818,Amy,Brown,Budget,3,2,909.55,454.78,2023-10-19,2024-08-02
492,Carlos,Barnes,Regular,2,3,895.39,298.46,2024-01-22,2024-11-25
606,Kelly,Davis,Budget,7,2,886.85,443.42,2024-01-21,2025-02-21
709,David,Cowan,Enterprise,8,2,885.9,442.95,2023-08-26,2025-06-06
690,Katherine,Harris,Enterprise,2,5,873.12,174.62,2023-02-04,2025-02-13
292,Christina,Edwards,Premium,2,5,845.16,169.03,2023-04-03,2025-03-27
123,Joseph,Sanders,Regular,1,1,838.36,838.36,2023-01-27,2023-01-27
307,Suzanne,Vega,Regular,6,4,832.16,208.04,2023-01-21,2024-09-30
912,Ricky,Garcia,Regular,5,1,828.76,828.76,2024-01-18,2024-01-18
516,Melissa,Roberts,Regular,3,2,810.58,405.29,2023-02-03,2024-04-05
207,William,Robles,Regular,1,2,809.71,404.85,2023-03-20,2024-11-27
935,Kelly,Bennett,Regular,4,4,808.07,202.02,2023-11-25,2025-05-07
203,Stephen,Lawrence,Regular,3,2,801.6,400.8,2023-03-15,2023-11-15
936,Michelle,Burns,Regular,5,3,791.49,263.83,2023-07-15,2025-05-17
167,Mary,Cochran,Regular,6,2,783.59,391.79,2023-11-03,2024-12-29
873,Rachel,Holmes,Regular,1,2,768.88,384.44,2025-04-27,2025-04-30
64,Anthony,Nelson,Premium,10,4,754.81,188.7,2023-09-07,2025-06-19
841,Robert,Chase,Regular,5,2,754.76,377.38,2024-01-11,2024-05-26
19,Joseph,Cobb,Regular,2,3,750.73,250.24,2023-09-26,2024-03-16
965,Steven,Pacheco,Budget,1,3,745.06,248.35,2023-01-20,2024-12-06
899,Nicole,Baker,Regular,7,2,736.47,368.24,2024-09-27,2024-10-23
802,Misty,Martin,Regular,3,3,735.07,245.02,2023-04-19,2024-12-18
888,Tamara,Hogan,Regular,1,4,734.44,183.61,2023-04-30,2024-10-23
901,Christopher,Gonzalez,Premium,5,5,733.38,146.68,2023-11-07,2025-04-20
295,Ashley,Peterson,Budget,5,3,731.01,243.67,2024-05-08,2024-12-11
45,Andrea,Reyes,Budget,2,2,730.03,365.02,2023-01-05,2025-05-12
487,David,Johnson,Budget,10,5,729.87,145.97,2023-04-08,2025-06-06
190,Amanda,Cross,Budget,1,4,707.11,176.78,2023-04-13,2024-08-04
378,Brooke,Smith,Budget,3,2,694.01,347.0,2025-01-17,2025-05-05
656,Bonnie,Callahan,Premium,1,2,692.88,346.44,2023-10-13,2025-05-04
880,Melissa,Adams,Budget,9,3,692.74,230.91,2023-08-27,2024-09-30
557,Kevin,Evans,Regular,2,2,670.11,335.05,2024-03-19,2024-06-15
15,Amanda,Wagner,Regular,5,2,669.88,334.94,2023-05-29,2024-10-06
611,Anne,Martin,Budget,6,3,664.07,221.36,2023-08-19,2024-08-28
629,Melvin,Ruiz,Budget,3,2,655.73,327.86,2023-01-21,2024-09-22
583,Monica,Douglas,Budget,1,1,647.77,647.77,2024-04-25,2024-04-25
41,Carly,Preston,Premium,1,2,614.92,307.46,2023-01-03,2025-02-12
435,Wayne,Cohen,Regular,1,2,594.95,297.48,2024-04-27,2025-05-27
330,Todd,Rose,Budget,1,3,584.46,194.82,2023-04-19,2024-03-04
693,Meredith,Webb,Budget,8,3,568.56,189.52,2023-09-09,2023-11-15
630,Michael,Santiago,Regular,1,1,566.26,566.26,2023-02-19,2023-02-19
589,David,Ortiz,Premium,5,3,555.81,185.27,2024-02-24,2024-11-21
333,Nathan,Roberts,Regular,6,4,548.81,137.2,2023-10-07,2025-03-13
590,Veronica,Anderson,Regular,5,2,536.66,268.33,2024-03-07,2025-04-02
496,Sonya,Scott,Regular,5,3,512.97,170.99,2023-07-08,2025-05-08
461,Peggy,Friedman,Enterprise,3,1,500.56,500.56,2023-10-23,2023-10-23
319,Heather,Sparks,Regular,1,2,494.4,247.2,2023-11-18,2024-10-12
703,Luke,West,Regular,5,2,483.96,241.98,2023-04-18,2025-05-14
742,Kathryn,Melton,Enterprise,1,1,472.03,472.03,2023-08-11,2023-08-11
664,Ashley,Farmer,Regular,10,4,464.01,116.0,2023-01-18,2025-05-01
731,Misty,Marshall,Regular,1,2,448.89,224.44,2023-01-24,2025-01-17
348,Jason,Gordon,Premium,2,3,448.42,149.47,2023-08-18,2024-09-07
862,Tina,Christensen,Premium,8,2,447.73,223.86,2024-05-26,2024-06-19
361,Cynthia,Singleton,Regular,3,2,409.49,204.74,2023-11-22,2025-06-20
210,Robert,Herrera,Regular,3,2,396.97,198.48,2023-11-07,2024-08-25
373,Wendy,Crosby,Enterprise,7,1,388.63,388.63,2024-11-16,2024-11-16
677,Jeremy,Lopez,Regular,1,1,383.9,383.9,2024-07-10,2024-07-10
822,Kimberly,Bass,Regular,1,2,372.8,186.4,2024-01-13,2025-03-03
665,Mason,Byrd,Regular,6,2,364.08,182.04,2023-01-15,2025-01-22
573,Tim,Harrington,Regular,5,2,351.57,175.78,2023-01-22,2024-04-25
594,Keith,Hardin,Budget,2,2,341.86,170.93,2023-02-12,2024-05-12
761,Daniel,Moore,Enterprise,1,1,261.88,261.88,2023-08-25,2023-08-25
900,Joshua,Turner,Regular,3,1,258.18,258.18,2025-03-29,2025-03-29
20,Erin,Anthony,Regular,3,2,250.11,125.06,2023-06-01,2024-03-28
142,Curtis,Greer,Regular,1,1,218.68,218.68,2023-12-10,2023-12-10
785,Suzanne,Harding,Regular,1,1,196.8,196.8,2024-08-29,2024-08-29
773,Joseph,Jarvis,Premium,1,1,187.05,187.05,2023-07-27,2023-07-27
584,Michael,Jones,Regular,5,1,174.77,174.77,2023-04-17,2023-04-17
423,Grant,Mcclure,Regular,9,1,162.43,162.43,2025-06-15,2025-06-15
836,Joan,Morris,Regular,9,2,162.34,81.17,2024-08-25,2024-12-13
369,Jorge,Mcdaniel,Budget,3,1,143.39,143.39,2025-02-10,2025-02-10
979,Daniel,Medina,Regular,9,3,126.28,42.09,2024-01-19,2025-04-01
904,Stanley,Mcdowell,Budget,9,1,116.61,116.61,2024-03-06,2024-03-06
827,Jesse,Delacruz,Regular,1,2,116.01,58.0,2024-04-01,2024-06-16
564,Albert,Moore,Regular,5,1,95.75,95.75,2023-01-17,2023-01-17
635,Guy,Kelly,Enterprise,7,1,93.69,93.69,2023-07-14,2023-07-14
608,Christopher,Powell,Regular,4,1,61.5,61.5,2024-09-06,2024-09-06
217,Louis,Hayes,Premium,1,1,33.94,33.94,2024-07-04,2024-07-04
719,Martin,Davis,Regular,3,0,0.0,0.0,,
30,John,Wells,Regular,4,0,0.0,0.0,,
671,Tanya,Hunter,Budget,5,0,0.0,0.0,,
133,Kristina,Jones,Regular,1,0,0.0,0.0,,
890,Justin,Meyer,Premium,4,0,0.0,0.0,,
867,Tara,Gonzalez,Premium,8,0,0.0,0.0,,
596,Mariah,Phillips,Regular,5,0,0.0,0.0,,
208,Kelly,Thompson,Regular,7,0,0.0,0.0,,
334,Autumn,Alexander,Regular,5,0,0.0,0.0,,
313,Cynthia,Benjamin,Regular,3,0,0.0,0.0,,
